Iso_639_3,num_recordings,num_missing_duration,total_seconds,total_hours,Category,License,Who_transcribed,Transcript_exists
abl,1059,0,1347.01,0.3742,transcribed,CC BY-SA 4.0,no transcription – pre-set word,TRUE
abr,1,0,0.98,0.0003,transcribed,CC BY-SA 4.0,no transcription – pre-set word,TRUE
abu,11,0,11.53,0.0032,transcribed,CC BY-SA 4.0,no transcription – pre-set word,TRUE
ace,429,0,480.52,0.1335,transcribed,CC BY-SA 4.0,no transcription – pre-set word,TRUE
acm,1,0,0.94,0.0003,transcribed,CC BY-SA 4.0,no transcription – pre-set word,TRUE
aen,1211,0,7502.84,2.0841,transcribed,CC BY-SA 4.0,no transcription – pre-set word,TRUE
afr,2961,0,3512.61,0.9757,transcribed,CC BY-SA 4.0,no transcription – pre-set word,TRUE
aho,49,0,54.94,0.0153,transcribed,CC BY-SA 4.0,no transcription – pre-set word,TRUE
amh,218,0,218.11,0.0606,transcribed,CC BY-SA 4.0,no transcription – pre-set word,TRUE
ami,36,0,83.22,0.0231,transcribed,CC BY-SA 4.0,no transcription – pre-set word,TRUE
ann,21,0,29.21,0.0081,transcribed,CC BY-SA 4.0,no transcription – pre-set word,TRUE
anp,1,0,0.9,0.0002,transcribed,CC BY-SA 4.0,no transcription – pre-set word,TRUE
any,40,0,40.27,0.0112,transcribed,CC BY-SA 4.0,no transcription – pre-set word,TRUE
apc,922,0,1957.92,0.5439,transcribed,CC BY-SA 4.0,no transcription – pre-set word,TRUE
apd,4,0,4.79,0.0013,transcribed,CC BY-SA 4.0,no transcription – pre-set word,TRUE
ara,13726,0,19748.57,5.4857,transcribed,CC BY-SA 4.0,no transcription – pre-set word,TRUE
arq,623,0,667.4,0.1854,transcribed,CC BY-SA 4.0,no transcription – pre-set word,TRUE
ary,1857,0,1964.78,0.5458,transcribed,CC BY-SA 4.0,no transcription – pre-set word,TRUE
arz,995,0,1107.07,0.3075,transcribed,CC BY-SA 4.0,no transcription – pre-set word,TRUE
asm,1687,0,2363.48,0.6565,transcribed,CC BY-SA 4.0,no transcription – pre-set word,TRUE
ast,7827,0,8273.41,2.2982,transcribed,CC BY-SA 4.0,no transcription – pre-set word,TRUE
atj,630,0,894.69,0.2485,transcribed,CC BY-SA 4.0,no transcription – pre-set word,TRUE
aze,7554,0,8280.81,2.3002,transcribed,CC BY-SA 4.0,no transcription – pre-set word,TRUE
bak,1,0,0.84,0.0002,transcribed,CC BY-SA 4.0,no transcription – pre-set word,TRUE
bam,57,0,65.49,0.0182,transcribed,CC BY-SA 4.0,no transcription – pre-set word,TRUE
ban,1518,0,1778.22,0.4939,transcribed,CC BY-SA 4.0,no transcription – pre-set word,TRUE
bar,590,0,596.9,0.1658,transcribed,CC BY-SA 4.0,no transcription – pre-set word,TRUE
bas,123,0,130.93,0.0364,transcribed,CC BY-SA 4.0,no transcription – pre-set word,TRUE
bbc,186,0,213.33,0.0593,transcribed,CC BY-SA 4.0,no transcription – pre-set word,TRUE
bbj,189,0,239.95,0.0667,transcribed,CC BY-SA 4.0,no transcription – pre-set word,TRUE
bci,456,0,492.85,0.1369,transcribed,CC BY-SA 4.0,no transcription – pre-set word,TRUE
bcl,3342,0,3835.49,1.0654,transcribed,CC BY-SA 4.0,no transcription – pre-set word,TRUE
bdu,108,0,126.57,0.0352,transcribed,CC BY-SA 4.0,no transcription – pre-set word,TRUE
bel,1931,0,2106.86,0.5852,transcribed,CC BY-SA 4.0,no transcription – pre-set word,TRUE
ben,68184,0,100094.18,27.8039,transcribed,CC BY-SA 4.0,no transcription – pre-set word,TRUE
bew,2550,0,2514.26,0.6984,transcribed,CC BY-SA 4.0,no transcription – pre-set word,TRUE
bho,123,0,122.66,0.0341,transcribed,CC BY-SA 4.0,no transcription – pre-set word,TRUE
bhw,43,0,52.01,0.0144,transcribed,CC BY-SA 4.0,no transcription – pre-set word,TRUE
bik,1761,0,1973.05,0.5481,transcribed,CC BY-SA 4.0,no transcription – pre-set word,TRUE
bin,1,0,0.51,0.0001,transcribed,CC BY-SA 4.0,no transcription – pre-set word,TRUE
bjn,2350,0,2744.2,0.7623,transcribed,CC BY-SA 4.0,no transcription – pre-set word,TRUE
bkr,519,0,541.32,0.1504,transcribed,CC BY-SA 4.0,no transcription – pre-set word,TRUE
blk,1764,0,1944.65,0.5402,transcribed,CC BY-SA 4.0,no transcription – pre-set word,TRUE
bod,4,0,4.46,0.0012,transcribed,CC BY-SA 4.0,no transcription – pre-set word,TRUE
bom,1,0,0.69,0.0002,transcribed,CC BY-SA 4.0,no transcription – pre-set word,TRUE
bqr,1107,0,1690.29,0.4695,transcribed,CC BY-SA 4.0,no transcription – pre-set word,TRUE
bre,3450,0,3895.16,1.082,transcribed,CC BY-SA 4.0,no transcription – pre-set word,TRUE
bse,1,0,2.18,0.0006,transcribed,CC BY-SA 4.0,no transcription – pre-set word,TRUE
btd,145,0,114.04,0.0317,transcribed,CC BY-SA 4.0,no transcription – pre-set word,TRUE
btm,630,0,881.68,0.2449,transcribed,CC BY-SA 4.0,no transcription – pre-set word,TRUE
bto,10,0,9.97,0.0028,transcribed,CC BY-SA 4.0,no transcription – pre-set word,TRUE
bts,107,0,161.0,0.0447,transcribed,CC BY-SA 4.0,no transcription – pre-set word,TRUE
btx,63,0,61.01,0.0169,transcribed,CC BY-SA 4.0,no transcription – pre-set word,TRUE
bug,1032,0,1044.58,0.2902,transcribed,CC BY-SA 4.0,no transcription – pre-set word,TRUE
bul,13834,0,15231.34,4.2309,transcribed,CC BY-SA 4.0,no transcription – pre-set word,TRUE
bum,113,0,127.22,0.0353,transcribed,CC BY-SA 4.0,no transcription – pre-set word,TRUE
bxg,50,0,79.31,0.022,transcribed,CC BY-SA 4.0,no transcription – pre-set word,TRUE
bzm,109,0,129.15,0.0359,transcribed,CC BY-SA 4.0,no transcription – pre-set word,TRUE
cak,77,0,108.5,0.0301,transcribed,CC BY-SA 4.0,no transcription – pre-set word,TRUE
cat,22919,0,30618.62,8.5052,transcribed,CC BY-SA 4.0,no transcription – pre-set word,TRUE
ceb,382,0,411.83,0.1144,transcribed,CC BY-SA 4.0,no transcription – pre-set word,TRUE
ces,6232,0,6612.85,1.8369,transcribed,CC BY-SA 4.0,no transcription – pre-set word,TRUE
cha,3,0,3.43,0.001,transcribed,CC BY-SA 4.0,no transcription – pre-set word,TRUE
chv,65,0,52.83,0.0147,transcribed,CC BY-SA 4.0,no transcription – pre-set word,TRUE
ckb,2,0,2.72,0.0008,transcribed,CC BY-SA 4.0,no transcription – pre-set word,TRUE
ckh,5,0,5.46,0.0015,transcribed,CC BY-SA 4.0,no transcription – pre-set word,TRUE
cmn,4122,0,4814.71,1.3374,transcribed,CC BY-SA 4.0,no transcription – pre-set word,TRUE
cni,1,0,1.48,0.0004,transcribed,CC BY-SA 4.0,no transcription – pre-set word,TRUE
cor,519,0,631.18,0.1753,transcribed,CC BY-SA 4.0,no transcription – pre-set word,TRUE
crh,40,0,30.07,0.0084,transcribed,CC BY-SA 4.0,no transcription – pre-set word,TRUE
csb,1,0,1.12,0.0003,transcribed,CC BY-SA 4.0,no transcription – pre-set word,TRUE
cym,3694,0,5493.98,1.5261,transcribed,CC BY-SA 4.0,no transcription – pre-set word,TRUE
dag,127,0,254.07,0.0706,transcribed,CC BY-SA 4.0,no transcription – pre-set word,TRUE
dan,147,0,156.46,0.0435,transcribed,CC BY-SA 4.0,no transcription – pre-set word,TRUE
deu,25825,0,40083.06,11.1342,transcribed,CC BY-SA 4.0,no transcription – pre-set word,TRUE
dje,2,0,2.04,0.0006,transcribed,CC BY-SA 4.0,no transcription – pre-set word,TRUE
dnj,18,0,16.33,0.0045,transcribed,CC BY-SA 4.0,no transcription – pre-set word,TRUE
dtp,1553,0,1815.75,0.5044,transcribed,CC BY-SA 4.0,no transcription – pre-set word,TRUE
dua,269,0,302.94,0.0841,transcribed,CC BY-SA 4.0,no transcription – pre-set word,TRUE
duf,3,0,3.25,0.0009,transcribed,CC BY-SA 4.0,no transcription – pre-set word,TRUE
dyu,258,0,274.1,0.0761,transcribed,CC BY-SA 4.0,no transcription – pre-set word,TRUE
ekp,11,0,16.27,0.0045,transcribed,CC BY-SA 4.0,no transcription – pre-set word,TRUE
emq,20,0,21.74,0.006,transcribed,CC BY-SA 4.0,no transcription – pre-set word,TRUE
end,5,0,3.28,0.0009,transcribed,CC BY-SA 4.0,no transcription – pre-set word,TRUE
eng,107051,0,126226.62,35.063,transcribed,CC BY-SA 4.0,no transcription – pre-set word,TRUE
epo,36447,0,46237.99,12.8439,transcribed,CC BY-SA 4.0,no transcription – pre-set word,TRUE
est,24,0,26.08,0.0072,transcribed,CC BY-SA 4.0,no transcription – pre-set word,TRUE
eus,20686,0,26092.01,7.2478,transcribed,CC BY-SA 4.0,no transcription – pre-set word,TRUE
ewe,12,0,11.42,0.0032,transcribed,CC BY-SA 4.0,no transcription – pre-set word,TRUE
ext,562,0,555.38,0.1543,transcribed,CC BY-SA 4.0,no transcription – pre-set word,TRUE
fas,4261,0,5435.15,1.5098,transcribed,CC BY-SA 4.0,no transcription – pre-set word,TRUE
fij,30,0,34.47,0.0096,transcribed,CC BY-SA 4.0,no transcription – pre-set word,TRUE
fil,7,0,8.88,0.0025,transcribed,CC BY-SA 4.0,no transcription – pre-set word,TRUE
fin,219,0,208.62,0.058,transcribed,CC BY-SA 4.0,no transcription – pre-set word,TRUE
fon,662,0,848.5,0.2357,transcribed,CC BY-SA 4.0,no transcription – pre-set word,TRUE
frp,26,0,36.67,0.0102,transcribed,CC BY-SA 4.0,no transcription – pre-set word,TRUE
fry,11,0,11.42,0.0032,transcribed,CC BY-SA 4.0,no transcription – pre-set word,TRUE
fsl,190,0,564.15,0.1567,transcribed,CC BY-SA 4.0,no transcription – pre-set word,TRUE
fud,2,0,2.19,0.0006,transcribed,CC BY-SA 4.0,no transcription – pre-set word,TRUE
ful,13,0,14.16,0.0039,transcribed,CC BY-SA 4.0,no transcription – pre-set word,TRUE
fur,7,0,5.73,0.0016,transcribed,CC BY-SA 4.0,no transcription – pre-set word,TRUE
gaa,209,0,248.49,0.069,transcribed,CC BY-SA 4.0,no transcription – pre-set word,TRUE
gay,4,0,4.92,0.0014,transcribed,CC BY-SA 4.0,no transcription – pre-set word,TRUE
gcf,456,0,564.33,0.1568,transcribed,CC BY-SA 4.0,no transcription – pre-set word,TRUE
gcr,1525,0,1733.12,0.4814,transcribed,CC BY-SA 4.0,no transcription – pre-set word,TRUE
gla,12,0,11.86,0.0033,transcribed,CC BY-SA 4.0,no transcription – pre-set word,TRUE
gle,592,0,615.67,0.171,transcribed,CC BY-SA 4.0,no transcription – pre-set word,TRUE
glg,484,0,715.41,0.1987,transcribed,CC BY-SA 4.0,no transcription – pre-set word,TRUE
goa,1,0,0.79,0.0002,transcribed,CC BY-SA 4.0,no transcription – pre-set word,TRUE
gon,3,0,2.37,0.0007,transcribed,CC BY-SA 4.0,no transcription – pre-set word,TRUE
gor,250,0,281.96,0.0783,transcribed,CC BY-SA 4.0,no transcription – pre-set word,TRUE
grc,27,0,32.16,0.0089,transcribed,CC BY-SA 4.0,no transcription – pre-set word,TRUE
gsw,763,0,1065.94,0.2961,transcribed,CC BY-SA 4.0,no transcription – pre-set word,TRUE
guc,291,0,362.22,0.1006,transcribed,CC BY-SA 4.0,no transcription – pre-set word,TRUE
guj,145,0,198.66,0.0552,transcribed,CC BY-SA 4.0,no transcription – pre-set word,TRUE
hat,558,0,725.37,0.2015,transcribed,CC BY-SA 4.0,no transcription – pre-set word,TRUE
hau,375,0,608.07,0.1689,transcribed,CC BY-SA 4.0,no transcription – pre-set word,TRUE
hav,129,0,139.58,0.0388,transcribed,CC BY-SA 4.0,no transcription – pre-set word,TRUE
haw,23,0,28.44,0.0079,transcribed,CC BY-SA 4.0,no transcription – pre-set word,TRUE
heb,3615,0,4016.6,1.1157,transcribed,CC BY-SA 4.0,no transcription – pre-set word,TRUE
hin,3431,0,4345.98,1.2072,transcribed,CC BY-SA 4.0,no transcription – pre-set word,TRUE
hji,30,0,68.31,0.019,transcribed,CC BY-SA 4.0,no transcription – pre-set word,TRUE
hoc,26,0,32.3,0.009,transcribed,CC BY-SA 4.0,no transcription – pre-set word,TRUE
hrv,1,0,1.31,0.0004,transcribed,CC BY-SA 4.0,no transcription – pre-set word,TRUE
hun,259,0,290.47,0.0807,transcribed,CC BY-SA 4.0,no transcription – pre-set word,TRUE
hye,3221,0,3715.25,1.032,transcribed,CC BY-SA 4.0,no transcription – pre-set word,TRUE
iba,209,0,212.46,0.059,transcribed,CC BY-SA 4.0,no transcription – pre-set word,TRUE
ibb,50,0,57.36,0.0159,transcribed,CC BY-SA 4.0,no transcription – pre-set word,TRUE
ibo,7560,0,12496.36,3.4712,transcribed,CC BY-SA 4.0,no transcription – pre-set word,TRUE
idu,46,0,58.87,0.0164,transcribed,CC BY-SA 4.0,no transcription – pre-set word,TRUE
ikw,4,0,4.34,0.0012,transcribed,CC BY-SA 4.0,no transcription – pre-set word,TRUE
ile,2,0,2.44,0.0007,transcribed,CC BY-SA 4.0,no transcription – pre-set word,TRUE
ind,6994,0,8263.48,2.2954,transcribed,CC BY-SA 4.0,no transcription – pre-set word,TRUE
inl,32,6,78.08,0.0217,transcribed,CC BY-SA 4.0,no transcription – pre-set word,TRUE
isl,375,0,449.86,0.125,transcribed,CC BY-SA 4.0,no transcription – pre-set word,TRUE
ita,12233,0,16472.78,4.5758,transcribed,CC BY-SA 4.0,no transcription – pre-set word,TRUE
jab,1,0,0.9,0.0003,transcribed,CC BY-SA 4.0,no transcription – pre-set word,TRUE
jav,2981,0,3460.14,0.9612,transcribed,CC BY-SA 4.0,no transcription – pre-set word,TRUE
jax,1678,0,1719.8,0.4777,transcribed,CC BY-SA 4.0,no transcription – pre-set word,TRUE
jbo,195,0,176.22,0.049,transcribed,CC BY-SA 4.0,no transcription – pre-set word,TRUE
jpn,1043,0,1215.08,0.3375,transcribed,CC BY-SA 4.0,no transcription – pre-set word,TRUE
jud,19,0,22.07,0.0061,transcribed,CC BY-SA 4.0,no transcription – pre-set word,TRUE
kaa,8868,0,10720.2,2.9778,transcribed,CC BY-SA 4.0,no transcription – pre-set word,TRUE
kab,20,0,31.29,0.0087,transcribed,CC BY-SA 4.0,no transcription – pre-set word,TRUE
kaj,67,0,62.52,0.0174,transcribed,CC BY-SA 4.0,no transcription – pre-set word,TRUE
kan,1115,0,1457.96,0.405,transcribed,CC BY-SA 4.0,no transcription – pre-set word,TRUE
kaq,3,0,3.85,0.0011,transcribed,CC BY-SA 4.0,no transcription – pre-set word,TRUE
kas,1,0,1.02,0.0003,transcribed,CC BY-SA 4.0,no transcription – pre-set word,TRUE
kat,1165,0,1362.28,0.3784,transcribed,CC BY-SA 4.0,no transcription – pre-set word,TRUE
kaz,111,0,117.63,0.0327,transcribed,CC BY-SA 4.0,no transcription – pre-set word,TRUE
kbp,6,0,6.45,0.0018,transcribed,CC BY-SA 4.0,no transcription – pre-set word,TRUE
kcg,191,0,163.68,0.0455,transcribed,CC BY-SA 4.0,no transcription – pre-set word,TRUE
kea,28,0,27.5,0.0076,transcribed,CC BY-SA 4.0,no transcription – pre-set word,TRUE
ken,841,0,1061.49,0.2949,transcribed,CC BY-SA 4.0,no transcription – pre-set word,TRUE
khm,13,0,15.45,0.0043,transcribed,CC BY-SA 4.0,no transcription – pre-set word,TRUE
kik,54,0,65.33,0.0181,transcribed,CC BY-SA 4.0,no transcription – pre-set word,TRUE
kin,1140,0,1563.6,0.4343,transcribed,CC BY-SA 4.0,no transcription – pre-set word,TRUE
kir,1288,0,1191.49,0.331,transcribed,CC BY-SA 4.0,no transcription – pre-set word,TRUE
kjc,157,0,208.44,0.0579,transcribed,CC BY-SA 4.0,no transcription – pre-set word,TRUE
kmr,3857,0,4196.5,1.1657,transcribed,CC BY-SA 4.0,no transcription – pre-set word,TRUE
knl,120,0,99.29,0.0276,transcribed,CC BY-SA 4.0,no transcription – pre-set word,TRUE
kns,215,0,169.58,0.0471,transcribed,CC BY-SA 4.0,no transcription – pre-set word,TRUE
knx,8,0,7.5,0.0021,transcribed,CC BY-SA 4.0,no transcription – pre-set word,TRUE
kok,335,0,504.06,0.14,transcribed,CC BY-SA 4.0,no transcription – pre-set word,TRUE
kom,3,0,3.01,0.0008,transcribed,CC BY-SA 4.0,no transcription – pre-set word,TRUE
kor,1024,0,1082.82,0.3008,transcribed,CC BY-SA 4.0,no transcription – pre-set word,TRUE
krc,1,0,1.14,0.0003,transcribed,CC BY-SA 4.0,no transcription – pre-set word,TRUE
kur,588,0,613.34,0.1704,transcribed,CC BY-SA 4.0,no transcription – pre-set word,TRUE
kvb,1012,0,1328.18,0.3689,transcribed,CC BY-SA 4.0,no transcription – pre-set word,TRUE
kvr,73,0,77.45,0.0215,transcribed,CC BY-SA 4.0,no transcription – pre-set word,TRUE
kzc,1,0,0.85,0.0002,transcribed,CC BY-SA 4.0,no transcription – pre-set word,TRUE
kzp,50,0,42.95,0.0119,transcribed,CC BY-SA 4.0,no transcription – pre-set word,TRUE
lao,9,0,12.64,0.0035,transcribed,CC BY-SA 4.0,no transcription – pre-set word,TRUE
lat,213,0,306.68,0.0852,transcribed,CC BY-SA 4.0,no transcription – pre-set word,TRUE
lav,123,0,119.37,0.0332,transcribed,CC BY-SA 4.0,no transcription – pre-set word,TRUE
lbw,3,0,4.36,0.0012,transcribed,CC BY-SA 4.0,no transcription – pre-set word,TRUE
lbx,368,0,409.29,0.1137,transcribed,CC BY-SA 4.0,no transcription – pre-set word,TRUE
ldn,282,0,321.79,0.0894,transcribed,CC BY-SA 4.0,no transcription – pre-set word,TRUE
lew,48,0,51.37,0.0143,transcribed,CC BY-SA 4.0,no transcription – pre-set word,TRUE
lim,173,0,149.13,0.0414,transcribed,CC BY-SA 4.0,no transcription – pre-set word,TRUE
lin,124,0,189.19,0.0526,transcribed,CC BY-SA 4.0,no transcription – pre-set word,TRUE
lis,2,0,1.56,0.0004,transcribed,CC BY-SA 4.0,no transcription – pre-set word,TRUE
lit,18,0,18.89,0.0052,transcribed,CC BY-SA 4.0,no transcription – pre-set word,TRUE
ljl,57,0,50.43,0.014,transcribed,CC BY-SA 4.0,no transcription – pre-set word,TRUE
ljp,1096,0,1298.32,0.3606,transcribed,CC BY-SA 4.0,no transcription – pre-set word,TRUE
ltz,917,0,1022.83,0.2841,transcribed,CC BY-SA 4.0,no transcription – pre-set word,TRUE
lua,30,0,41.41,0.0115,transcribed,CC BY-SA 4.0,no transcription – pre-set word,TRUE
lzz,20,0,19.71,0.0055,transcribed,CC BY-SA 4.0,no transcription – pre-set word,TRUE
mad,7992,0,9897.14,2.7492,transcribed,CC BY-SA 4.0,no transcription – pre-set word,TRUE
mai,3,0,3.0,0.0008,transcribed,CC BY-SA 4.0,no transcription – pre-set word,TRUE
mak,560,0,761.11,0.2114,transcribed,CC BY-SA 4.0,no transcription – pre-set word,TRUE
mal,65640,0,74036.93,20.5658,transcribed,CC BY-SA 4.0,no transcription – pre-set word,TRUE
mar,16771,0,25876.98,7.188,transcribed,CC BY-SA 4.0,no transcription – pre-set word,TRUE
mcn,170,0,206.8,0.0574,transcribed,CC BY-SA 4.0,no transcription – pre-set word,TRUE
mey,9,0,9.54,0.0027,transcribed,CC BY-SA 4.0,no transcription – pre-set word,TRUE
mfa,4,0,6.56,0.0018,transcribed,CC BY-SA 4.0,no transcription – pre-set word,TRUE
mfn,6,0,5.98,0.0017,transcribed,CC BY-SA 4.0,no transcription – pre-set word,TRUE
mhk,77,0,87.32,0.0243,transcribed,CC BY-SA 4.0,no transcription – pre-set word,TRUE
mhy,70,0,68.77,0.0191,transcribed,CC BY-SA 4.0,no transcription – pre-set word,TRUE
min,6088,0,7431.23,2.0642,transcribed,CC BY-SA 4.0,no transcription – pre-set word,TRUE
mkd,2185,0,2412.26,0.6701,transcribed,CC BY-SA 4.0,no transcription – pre-set word,TRUE
mlg,4716,0,5212.6,1.4479,transcribed,CC BY-SA 4.0,no transcription – pre-set word,TRUE
mlt,685,0,834.32,0.2318,transcribed,CC BY-SA 4.0,no transcription – pre-set word,TRUE
mni,2,0,1.85,0.0005,transcribed,CC BY-SA 4.0,no transcription – pre-set word,TRUE
mnq,107,0,150.8,0.0419,transcribed,CC BY-SA 4.0,no transcription – pre-set word,TRUE
mnw,2438,0,2681.78,0.7449,transcribed,CC BY-SA 4.0,no transcription – pre-set word,TRUE
mon,17,0,16.49,0.0046,transcribed,CC BY-SA 4.0,no transcription – pre-set word,TRUE
mos,431,0,542.1,0.1506,transcribed,CC BY-SA 4.0,no transcription – pre-set word,TRUE
mqg,1511,0,1752.26,0.4867,transcribed,CC BY-SA 4.0,no transcription – pre-set word,TRUE
mrh,2,0,5.16,0.0014,transcribed,CC BY-SA 4.0,no transcription – pre-set word,TRUE
mri,17,0,22.46,0.0062,transcribed,CC BY-SA 4.0,no transcription – pre-set word,TRUE
msa,2415,0,2659.17,0.7387,transcribed,CC BY-SA 4.0,no transcription – pre-set word,TRUE
mua,34,0,47.51,0.0132,transcribed,CC BY-SA 4.0,no transcription – pre-set word,TRUE
mui,391,0,387.42,0.1076,transcribed,CC BY-SA 4.0,no transcription – pre-set word,TRUE
mwl,148,0,160.21,0.0445,transcribed,CC BY-SA 4.0,no transcription – pre-set word,TRUE
mwv,29,0,27.24,0.0076,transcribed,CC BY-SA 4.0,no transcription – pre-set word,TRUE
mya,965,0,821.3,0.2281,transcribed,CC BY-SA 4.0,no transcription – pre-set word,TRUE
myv,18,0,18.53,0.0051,transcribed,CC BY-SA 4.0,no transcription – pre-set word,TRUE
nap,1,0,1.78,0.0005,transcribed,CC BY-SA 4.0,no transcription – pre-set word,TRUE
nep,169,0,251.45,0.0698,transcribed,CC BY-SA 4.0,no transcription – pre-set word,TRUE
nia,1458,0,1852.75,0.5147,transcribed,CC BY-SA 4.0,no transcription – pre-set word,TRUE
nij,327,0,327.8,0.0911,transcribed,CC BY-SA 4.0,no transcription – pre-set word,TRUE
nio,10,0,10.74,0.003,transcribed,CC BY-SA 4.0,no transcription – pre-set word,TRUE
nld,1825,0,2318.68,0.6441,transcribed,CC BY-SA 4.0,no transcription – pre-set word,TRUE
nob,16,0,32.98,0.0092,transcribed,CC BY-SA 4.0,no transcription – pre-set word,TRUE
nor,5800,0,5920.16,1.6445,transcribed,CC BY-SA 4.0,no transcription – pre-set word,TRUE
nso,45,0,75.07,0.0209,transcribed,CC BY-SA 4.0,no transcription – pre-set word,TRUE
oci,14254,0,20168.77,5.6024,transcribed,CC BY-SA 4.0,no transcription – pre-set word,TRUE
ory,132740,0,175225.07,48.6736,transcribed,CC BY-SA 4.0,no transcription – pre-set word,TRUE
osi,2127,0,2472.51,0.6868,transcribed,CC BY-SA 4.0,no transcription – pre-set word,TRUE
pan,4372,0,6941.83,1.9283,transcribed,CC BY-SA 4.0,no transcription – pre-set word,TRUE
pcd,147,0,204.39,0.0568,transcribed,CC BY-SA 4.0,no transcription – pre-set word,TRUE
pck,10,0,8.88,0.0025,transcribed,CC BY-SA 4.0,no transcription – pre-set word,TRUE
pcm,81,0,80.67,0.0224,transcribed,CC BY-SA 4.0,no transcription – pre-set word,TRUE
pel,20,0,22.23,0.0062,transcribed,CC BY-SA 4.0,no transcription – pre-set word,TRUE
pey,103,0,95.47,0.0265,transcribed,CC BY-SA 4.0,no transcription – pre-set word,TRUE
pgu,490,0,519.48,0.1443,transcribed,CC BY-SA 4.0,no transcription – pre-set word,TRUE
pli,336,0,449.31,0.1248,transcribed,CC BY-SA 4.0,no transcription – pre-set word,TRUE
pln,11,0,12.92,0.0036,transcribed,CC BY-SA 4.0,no transcription – pre-set word,TRUE
pmy,75,0,70.45,0.0196,transcribed,CC BY-SA 4.0,no transcription – pre-set word,TRUE
pol,97537,0,131712.25,36.5867,transcribed,CC BY-SA 4.0,no transcription – pre-set word,TRUE
por,9327,0,11004.43,3.0568,transcribed,CC BY-SA 4.0,no transcription – pre-set word,TRUE
pov,2,0,2.77,0.0008,transcribed,CC BY-SA 4.0,no transcription – pre-set word,TRUE
ppl,2584,0,3784.79,1.0513,transcribed,CC BY-SA 4.0,no transcription – pre-set word,TRUE
pro,25,0,37.91,0.0105,transcribed,CC BY-SA 4.0,no transcription – pre-set word,TRUE
pse,786,0,886.37,0.2462,transcribed,CC BY-SA 4.0,no transcription – pre-set word,TRUE
puj,679,0,947.04,0.2631,transcribed,CC BY-SA 4.0,no transcription – pre-set word,TRUE
pus,71,0,73.58,0.0204,transcribed,CC BY-SA 4.0,no transcription – pre-set word,TRUE
pwn,353,0,432.81,0.1202,transcribed,CC BY-SA 4.0,no transcription – pre-set word,TRUE
que,3830,0,5799.25,1.6109,transcribed,CC BY-SA 4.0,no transcription – pre-set word,TRUE
quh,518,0,883.37,0.2454,transcribed,CC BY-SA 4.0,no transcription – pre-set word,TRUE
quy,3,0,5.11,0.0014,transcribed,CC BY-SA 4.0,no transcription – pre-set word,TRUE
quz,36,0,44.03,0.0122,transcribed,CC BY-SA 4.0,no transcription – pre-set word,TRUE
qwh,1,0,0.99,0.0003,transcribed,CC BY-SA 4.0,no transcription – pre-set word,TRUE
qxp,973,0,1266.36,0.3518,transcribed,CC BY-SA 4.0,no transcription – pre-set word,TRUE
rap,1,0,0.98,0.0003,transcribed,CC BY-SA 4.0,no transcription – pre-set word,TRUE
rcf,17,0,18.26,0.0051,transcribed,CC BY-SA 4.0,no transcription – pre-set word,TRUE
rej,168,0,165.37,0.0459,transcribed,CC BY-SA 4.0,no transcription – pre-set word,TRUE
rgn,16,0,9.85,0.0027,transcribed,CC BY-SA 4.0,no transcription – pre-set word,TRUE
ron,24088,0,28228.87,7.8414,transcribed,CC BY-SA 4.0,no transcription – pre-set word,TRUE
run,5,0,5.98,0.0017,transcribed,CC BY-SA 4.0,no transcription – pre-set word,TRUE
rup,369,0,394.26,0.1095,transcribed,CC BY-SA 4.0,no transcription – pre-set word,TRUE
rus,30838,0,49289.0,13.6914,transcribed,CC BY-SA 4.0,no transcription – pre-set word,TRUE
san,103,0,126.28,0.0351,transcribed,CC BY-SA 4.0,no transcription – pre-set word,TRUE
sas,1002,0,1069.94,0.2972,transcribed,CC BY-SA 4.0,no transcription – pre-set word,TRUE
sat,878,0,1168.01,0.3244,transcribed,CC BY-SA 4.0,no transcription – pre-set word,TRUE
sba,209,0,221.09,0.0614,transcribed,CC BY-SA 4.0,no transcription – pre-set word,TRUE
scn,23308,0,33546.07,9.3184,transcribed,CC BY-SA 4.0,no transcription – pre-set word,TRUE
sco,5,0,5.51,0.0015,transcribed,CC BY-SA 4.0,no transcription – pre-set word,TRUE
sda,10,0,10.86,0.003,transcribed,CC BY-SA 4.0,no transcription – pre-set word,TRUE
sdh,4,0,3.84,0.0011,transcribed,CC BY-SA 4.0,no transcription – pre-set word,TRUE
ses,17,0,17.35,0.0048,transcribed,CC BY-SA 4.0,no transcription – pre-set word,TRUE
shi,48,0,52.6,0.0146,transcribed,CC BY-SA 4.0,no transcription – pre-set word,TRUE
shn,17,0,23.79,0.0066,transcribed,CC BY-SA 4.0,no transcription – pre-set word,TRUE
shu,47,0,60.69,0.0169,transcribed,CC BY-SA 4.0,no transcription – pre-set word,TRUE
shy,1764,0,1901.78,0.5283,transcribed,CC BY-SA 4.0,no transcription – pre-set word,TRUE
slk,746,0,812.43,0.2257,transcribed,CC BY-SA 4.0,no transcription – pre-set word,TRUE
slv,116,0,128.16,0.0356,transcribed,CC BY-SA 4.0,no transcription – pre-set word,TRUE
smo,5,0,6.05,0.0017,transcribed,CC BY-SA 4.0,no transcription – pre-set word,TRUE
smw,18,0,18.08,0.005,transcribed,CC BY-SA 4.0,no transcription – pre-set word,TRUE
som,2106,0,9379.65,2.6055,transcribed,CC BY-SA 4.0,no transcription – pre-set word,TRUE
spa,19063,0,24718.3,6.8662,transcribed,CC BY-SA 4.0,no transcription – pre-set word,TRUE
spv,3,0,4.5,0.0012,transcribed,CC BY-SA 4.0,no transcription – pre-set word,TRUE
sqi,94,0,105.85,0.0294,transcribed,CC BY-SA 4.0,no transcription – pre-set word,TRUE
srp,93,0,94.09,0.0261,transcribed,CC BY-SA 4.0,no transcription – pre-set word,TRUE
srr,1,0,1.14,0.0003,transcribed,CC BY-SA 4.0,no transcription – pre-set word,TRUE
sru,320,0,475.71,0.1321,transcribed,CC BY-SA 4.0,no transcription – pre-set word,TRUE
sun,3299,0,3701.9,1.0283,transcribed,CC BY-SA 4.0,no transcription – pre-set word,TRUE
swa,101,0,123.86,0.0344,transcribed,CC BY-SA 4.0,no transcription – pre-set word,TRUE
swe,9729,0,14462.94,4.0175,transcribed,CC BY-SA 4.0,no transcription – pre-set word,TRUE
sxu,12,0,19.12,0.0053,transcribed,CC BY-SA 4.0,no transcription – pre-set word,TRUE
szl,2623,0,2468.69,0.6857,transcribed,CC BY-SA 4.0,no transcription – pre-set word,TRUE
tam,5326,0,8200.12,2.2778,transcribed,CC BY-SA 4.0,no transcription – pre-set word,TRUE
tat,417,0,418.19,0.1162,transcribed,CC BY-SA 4.0,no transcription – pre-set word,TRUE
tay,4,0,4.9,0.0014,transcribed,CC BY-SA 4.0,no transcription – pre-set word,TRUE
tby,1,0,0.82,0.0002,transcribed,CC BY-SA 4.0,no transcription – pre-set word,TRUE
tel,102431,0,142818.34,39.6718,transcribed,CC BY-SA 4.0,no transcription – pre-set word,TRUE
tes,222,0,292.61,0.0813,transcribed,CC BY-SA 4.0,no transcription – pre-set word,TRUE
tet,12,0,12.28,0.0034,transcribed,CC BY-SA 4.0,no transcription – pre-set word,TRUE
tgk,3351,0,3515.73,0.9766,transcribed,CC BY-SA 4.0,no transcription – pre-set word,TRUE
tgl,939,0,1112.45,0.309,transcribed,CC BY-SA 4.0,no transcription – pre-set word,TRUE
tha,289,0,467.52,0.1299,transcribed,CC BY-SA 4.0,no transcription – pre-set word,TRUE
tkl,1,0,1.15,0.0003,transcribed,CC BY-SA 4.0,no transcription – pre-set word,TRUE
tly,4,0,3.19,0.0009,transcribed,CC BY-SA 4.0,no transcription – pre-set word,TRUE
tmw,181,0,258.73,0.0719,transcribed,CC BY-SA 4.0,no transcription – pre-set word,TRUE
tok,915,0,958.27,0.2662,transcribed,CC BY-SA 4.0,no transcription – pre-set word,TRUE
tss,2,1,2.0,0.0006,transcribed,CC BY-SA 4.0,no transcription – pre-set word,TRUE
tui,25,0,30.76,0.0085,transcribed,CC BY-SA 4.0,no transcription – pre-set word,TRUE
tuj,225,0,267.17,0.0742,transcribed,CC BY-SA 4.0,no transcription – pre-set word,TRUE
tur,6572,0,6432.38,1.7868,transcribed,CC BY-SA 4.0,no transcription – pre-set word,TRUE
twi,8,0,10.42,0.0029,transcribed,CC BY-SA 4.0,no transcription – pre-set word,TRUE
txg,481,0,388.93,0.108,transcribed,CC BY-SA 4.0,no transcription – pre-set word,TRUE
ukr,27373,0,39418.98,10.9497,transcribed,CC BY-SA 4.0,no transcription – pre-set word,TRUE
urd,490,0,556.78,0.1547,transcribed,CC BY-SA 4.0,no transcription – pre-set word,TRUE
urh,23,0,33.02,0.0092,transcribed,CC BY-SA 4.0,no transcription – pre-set word,TRUE
uzb,298,0,361.13,0.1003,transcribed,CC BY-SA 4.0,no transcription – pre-set word,TRUE
vie,3100,0,3265.82,0.9072,transcribed,CC BY-SA 4.0,no transcription – pre-set word,TRUE
vkk,29,0,30.95,0.0086,transcribed,CC BY-SA 4.0,no transcription – pre-set word,TRUE
vkt,3,0,3.57,0.001,transcribed,CC BY-SA 4.0,no transcription – pre-set word,TRUE
vls,1,0,1.82,0.0005,transcribed,CC BY-SA 4.0,no transcription – pre-set word,TRUE
wln,9,0,9.34,0.0026,transcribed,CC BY-SA 4.0,no transcription – pre-set word,TRUE
wls,26,0,25.68,0.0071,transcribed,CC BY-SA 4.0,no transcription – pre-set word,TRUE
wmm,20,0,24.91,0.0069,transcribed,CC BY-SA 4.0,no transcription – pre-set word,TRUE
wol,42,0,67.89,0.0189,transcribed,CC BY-SA 4.0,no transcription – pre-set word,TRUE
xmm,93,0,110.84,0.0308,transcribed,CC BY-SA 4.0,no transcription – pre-set word,TRUE
ybb,280,0,463.84,0.1288,transcribed,CC BY-SA 4.0,no transcription – pre-set word,TRUE
yid,2,0,2.46,0.0007,transcribed,CC BY-SA 4.0,no transcription – pre-set word,TRUE
yor,1109,0,1868.93,0.5191,transcribed,CC BY-SA 4.0,no transcription – pre-set word,TRUE
zgh,55,0,73.75,0.0205,transcribed,CC BY-SA 4.0,no transcription – pre-set word,TRUE
zho,3,0,3.2,0.0009,transcribed,CC BY-SA 4.0,no transcription – pre-set word,TRUE
zmi,37,0,36.28,0.0101,transcribed,CC BY-SA 4.0,no transcription – pre-set word,TRUE
zza,73,0,75.66,0.021,transcribed,CC BY-SA 4.0,no transcription – pre-set word,TRUE
