code,estimated_tokens,raw_bytes_latest_crawl,crawl_id_used,crawl_date,yield,yield_coverage_fraction,tokens_per_byte,tokens_per_word_fertility,scripts_involved,whitespace_delimited_script,token_ratio_sample_size,token_ratio_pool_size,token_ratio_reached_pool_target,token_ratio_min_score,token_ratio_max_score
rus,13788611144.35156,25637143351469.39,CC-MAIN-2026-25,2026-06-15,0.003655965507768,0.626433608815427,0.1471122380797368,1.847751237357435,Cyrl,True,25,300,True,0.9998239874839784,0.9999220371246338
deu,6005565134.781794,22969174315121.305,CC-MAIN-2026-25,2026-06-15,0.0011416628556609,0.6106496987951807,0.2290185319970886,1.59972624168948,Latn,True,25,300,True,0.9991508722305298,0.9998015761375428
fra,5027841035.828906,18581041697249.35,CC-MAIN-2026-25,2026-06-15,0.0011282310709152,0.665965902232951,0.2398354765506807,1.444476082004556,Latn,True,25,300,True,0.9993902444839478,0.9999103546142578
jpn,4488735031.078403,21384690000680.465,CC-MAIN-2026-25,2026-06-15,0.0012100181166583,0.5642889210716872,0.1734719011709424,13.17338129496403,Jpan,False,25,300,True,1.0000098943710327,1.0000100135803225
ita,3399377740.7736177,9488191504978.396,CC-MAIN-2026-25,2026-06-15,0.0015247200760471,0.7411719171917192,0.2349772765527688,1.5261596126815555,Latn,True,25,300,True,0.9978524446487428,0.9992191195487976
por,2871663121.031736,9768517347026.363,CC-MAIN-2026-25,2026-06-15,0.0012743883959774,0.6401304968589377,0.2306763285024154,1.518132141082961,Latn,True,25,100,True,0.9992920756340028,0.999968647956848
pol,2616043392.789496,7919692391544.464,CC-MAIN-2026-25,2026-06-15,0.0013002277622848,0.7460556079170594,0.2540488276528885,2.010328997704667,Latn,True,25,300,True,0.99997878074646,1.0000059604644775
ind,2124269692.2611752,4523422002003.587,CC-MAIN-2026-25,2026-06-15,0.002250268465281,0.7528107335662115,0.2086931588179732,1.5452728862245535,Latn,True,25,300,True,0.9925537109375,0.998319149017334
nld,2114911717.3780415,7184373145226.694,CC-MAIN-2026-25,2026-06-15,0.0011816154778372,0.8085814185814186,0.2491306673799652,1.619430558574223,Latn,True,25,300,True,0.999716341495514,0.999955415725708
ukr,2003394336.706354,3119843377006.784,CC-MAIN-2026-25,2026-06-15,0.0033465154491822,0.741811650485437,0.1918849067696028,2.2295398891609746,Cyrl,True,25,300,True,0.9999847412109376,1.0000059604644775
kor,1692547426.6563716,3252403580478.7046,CC-MAIN-2026-25,2026-06-15,0.0017178173174139,0.8119532878189005,0.3029419661693068,3.1898222940226173,Hang,True,25,300,True,1.0000100135803225,1.0000100135803225
vie,1638058779.6825764,4029440302594.99,CC-MAIN-2026-25,2026-06-15,0.0019453712181761,0.7867878395860285,0.2089691949849662,1.2306535811234078,Latn,True,25,300,True,1.0000100135803225,1.0000100135803225
ces,1296536164.2300603,4567088892559.044,CC-MAIN-2026-25,2026-06-15,0.000962876174858,0.7259457931493183,0.2948320754095119,2.070238370747512,Latn,True,25,300,True,1.0000097751617432,1.0000100135803225
hun,1129879453.85321,2073787418432.7776,CC-MAIN-2026-25,2026-06-15,0.0018613948501267,0.7640175159235668,0.2927044789308002,2.565188456651945,Latn,True,25,300,True,1.0000100135803225,1.0000100135803225
dan,1077784387.7093859,2084704141071.641,CC-MAIN-2026-25,2026-06-15,0.0018145321010978,0.7649786628733998,0.2849199132685179,1.8004419889502763,Latn,True,25,300,True,1.000007152557373,1.0000100135803225
swe,993160319.8632039,2860181331382.3755,CC-MAIN-2026-25,2026-06-15,0.0013630802827366,0.720376999448428,0.2547442302445266,1.5607562831450312,Latn,True,25,300,True,1.0000100135803225,1.0000100135803225
fas,899113173.6342945,2023882400655.1133,CC-MAIN-2026-25,2026-06-15,0.0024454471524492,0.7411689981096409,0.1816648084032627,1.5567615136403636,Arab,True,25,300,True,0.9970099329948424,0.9994725584983826
ell,851006985.408109,2009066848502.369,CC-MAIN-2026-25,2026-06-15,0.0019850119020383,0.7263254802464661,0.2133907660055358,2.4722960151802655,Grek,True,25,300,True,1.0000019073486328,1.000009059906006
fin,821819969.3994315,1476876619857.7478,CC-MAIN-2026-25,2026-06-15,0.0017882763867324,0.7249288577154309,0.3111700808491642,3.1080009908347783,Latn,True,25,300,True,1.0000016689300537,1.000008225440979
tha,790006718.0939262,1462061067705.0037,CC-MAIN-2026-25,2026-06-15,0.0041220258583905,0.8008214134574694,0.1310854713104964,9.025493421052632,Thai,False,25,300,True,1.000006914138794,1.000009536743164
slk,651759867.5054456,1641017342392.0962,CC-MAIN-2026-25,2026-06-15,0.0013248637904138,0.7837122871046229,0.2997803854300677,2.2379705083430346,Latn,True,25,300,True,1.000008463859558,1.0000098943710327
bul,556973138.202788,1172767917775.1072,CC-MAIN-2026-25,2026-06-15,0.0027465897093866,0.7953989421987155,0.1729132943178516,2.069841720491163,Cyrl,True,25,300,True,1.0000083446502686,1.0000097751617432
bos,519840423.3983654,242507195763.3366,CC-MAIN-2026-25,2026-06-15,0.0063759837588418,0.8072882907880132,0.3362003923343896,2.3587416817906837,Latn,True,25,300,True,0.9045244455337524,0.9838785529136658
ron,518712846.7194227,2268728894126.778,CC-MAIN-2026-25,2026-06-15,0.000820972511115,0.7374144317423367,0.2784939635768365,1.8405059263383976,Cyrl;Latn,True,25,300,True,1.0000072717666626,1.0000098943710327
heb,419613860.8743245,1044106543817.0668,CC-MAIN-2026-25,2026-06-15,0.0016980512528852,0.8155036954915004,0.2366759959506937,2.4923704013377925,Hebr,True,25,300,True,0.9999932050704956,1.0000033378601074
lit,377411971.0647477,701009546595.6257,CC-MAIN-2026-25,2026-06-15,0.0017162323180375,0.7817583011583011,0.3137008266616806,2.5356537668880237,Latn,True,25,300,True,0.9999954700469972,1.0000087022781372
hin,345946179.72807765,880355704234.1063,CC-MAIN-2026-25,2026-06-15,0.0026603529166494,0.8494989793475678,0.1477104099527842,1.8083310395449124,Deva;Latn,True,25,300,True,0.9915045499801636,0.9993614554405212
slv,295411218.85097456,581705363470.8975,CC-MAIN-2026-25,2026-06-15,0.0015614605355819,0.839954903815831,0.3252317260952266,2.2438550201360923,Latn,True,25,300,True,1.0000083446502686,1.0000100135803225
hrv,291183113.16188765,862031205518.8701,CC-MAIN-2026-25,2026-06-15,0.0010151359985883,0.8184425965665236,0.3327506928697404,2.3455433455433456,Latn,True,25,300,True,0.9521048665046692,0.9903829097747804
ben,290467950.0707238,427311714721.2491,CC-MAIN-2026-25,2026-06-15,0.0031908024017338,0.8899761129646788,0.2130362507815955,3.4444581432622363,Beng;Latn,True,25,300,True,0.9998849630355836,0.9999693632125854
kaz,223615009.80317685,157902595312.1404,CC-MAIN-2026-25,2026-06-15,0.0053769377068994,0.8508783898305085,0.2633762914873158,3.85309667673716,Cyrl,True,25,300,True,1.0000097751617432,1.0000100135803225
cat,203471705.2439671,824992325137.0103,CC-MAIN-2026-25,2026-06-15,0.0008836168179715,0.7533105211885046,0.2791194773405044,1.6554544525099684,Latn,True,25,300,True,1.0000054836273191,1.0000096559524536
kat,177689661.76038045,180125923541.25644,CC-MAIN-2026-25,2026-06-15,0.0037176633829204,0.8594335611237661,0.2653480352318404,5.269574700109051,Geor,True,25,300,True,0.9999921321868896,1.0000063180923462
mya,112321484.8478936,60041974513.75215,CC-MAIN-2026-25,2026-06-15,0.0065999232465447,0.8711271998275049,0.2834451206445806,10.267611100329905,Mymr,False,25,300,True,0.998485505580902,0.9999568462371826
mkd,93531047.34445938,150884702187.15637,CC-MAIN-2026-25,2026-06-15,0.0030782412116425,0.8593472685303923,0.2013761062848526,2.3930906449269513,Cyrl,True,25,300,True,0.999974489212036,1.0000040531158447
mar,91784454.03512356,118914300173.3403,CC-MAIN-2026-25,2026-06-15,0.0042437097409525,0.9408203486823096,0.1818818542069855,2.9785692725626323,Deva;Latn,True,25,300,True,1.000006914138794,1.0000100135803225
isl,81901887.66568427,152054351041.32037,CC-MAIN-2026-25,2026-06-15,0.0015228538085959,0.8608746639784947,0.3537014544208789,2.2773210346901944,Latn,True,25,300,True,1.0000087022781372,1.0000097751617432
tam,80325789.26429929,190652763228.73248,CC-MAIN-2026-25,2026-06-15,0.0024776676033839,0.8364418011313743,0.1700469532934034,4.10054612834016,Latn;Taml,True,25,300,True,1.0000100135803225,1.0000100135803225
srp,80274737.2726824,966909719442.2424,CC-MAIN-2026-25,2026-06-15,0.0003926788120429,0.8565927021856005,0.2114245907349355,2.331199707388442,Cyrl;Latn,True,25,300,True,1.0000098943710327,1.0000100135803225
khm,76532367.37816814,41327592847.128105,CC-MAIN-2026-25,2026-06-15,0.0054474201090139,0.8498499804596398,0.339949312851482,13.765676567656763,Khmr,False,25,300,True,1.000009059906006,1.0000100135803225
urd,70440364.5271067,130610788714.98036,CC-MAIN-2026-25,2026-06-15,0.0023094958031022,0.8568708527613046,0.2335206900815049,1.8456103427540589,Arab;Latn,True,25,300,True,0.9904364943504332,0.9971245527267456
mal,69909470.91858788,97080854895.61224,CC-MAIN-2026-25,2026-06-15,0.0033606062798387,0.8924447830876292,0.2142815546903597,5.966527681260135,Latn;Mlym,True,25,300,True,1.0000100135803225,1.0000100135803225
sin,69422879.89077635,37038880381.86009,CC-MAIN-2026-25,2026-06-15,0.0057477001428118,0.863972942396292,0.3260999051393863,5.2866282535267235,Sinh,True,25,300,True,1.0000100135803225,1.0000100135803225
kan,66022725.72680044,70568814201.22818,CC-MAIN-2026-25,2026-06-15,0.0038735047516575,0.9323348753875697,0.2415330342256474,5.696877637130802,Knda;Latn,True,25,300,True,0.9999778270721436,1.0000059604644775
kir,55069764.39748301,47565720069.33613,CC-MAIN-2026-25,2026-06-15,0.0045461658330711,0.8142059234355103,0.2546677018038223,3.858906397501997,Cyrl,True,25,300,True,1.0000091791152954,1.0000100135803225
hye,50841632.748810984,120083949027.5043,CC-MAIN-2026-25,2026-06-15,0.0013170769670837,0.8937206066865254,0.3214573593422538,4.4558659217877095,Armn,True,25,300,True,1.0000100135803225,1.0000100135803225
bel,50348514.77572946,60041974513.75215,CC-MAIN-2026-25,2026-06-15,0.0035483799224988,0.778034179124583,0.2363206022865227,2.950708833151581,Cyrl,True,25,300,True,1.0000097751617432,1.0000100135803225
tel,49772198.16106109,80315887985.9282,CC-MAIN-2026-25,2026-06-15,0.0027382541379991,0.9307804655000316,0.2263140953039497,4.702836615880094,Latn;Telu,True,25,300,True,1.0000094175338743,1.0000098943710327
guj,45973743.88092147,48735368923.50013,CC-MAIN-2026-25,2026-06-15,0.0037593659054382,0.954088591873682,0.2509290923324132,3.68127417794971,Gujr;Latn,True,25,300,True,1.0000100135803225,1.0000100135803225
afr,43899855.56001924,34699582673.53209,CC-MAIN-2026-25,2026-06-15,0.004068619894248,0.8244407742816409,0.3109508307024508,1.6158060802455976,Latn,True,25,300,True,1.000009298324585,1.0000100135803225
eus,40531964.53891665,152444233992.7084,CC-MAIN-2026-25,2026-06-15,0.0007991933057349,0.8721819458479936,0.3326862212182179,2.6295917418394867,Latn,True,25,100,True,1.0000096559524536,1.0000100135803225
glg,32140206.58595039,129441139860.81631,CC-MAIN-2026-25,2026-06-15,0.000977499918866,0.8281042518394143,0.2540151415692968,1.517516339869281,Latn,True,25,300,True,1.0000044107437134,1.000009298324585
amh,31982077.90039344,15985201006.90804,CC-MAIN-2026-25,2026-06-15,0.0052965471834207,0.878491408188658,0.3777423950389676,5.046574115539633,Ethi,True,25,200,True,0.9999701976776124,1.0000064373016355
pan,30500178.60561467,34309699722.144093,CC-MAIN-2026-25,2026-06-15,0.0034234923854117,0.9516987324293888,0.2596666046077366,3.258831734960767,Guru;Latn,True,25,300,True,1.0000100135803225,1.0000100135803225
lao,26597129.095311075,19494147569.40005,CC-MAIN-2026-25,2026-06-15,0.0038855389425322,0.8941697277426638,0.3511391438635456,16.533088235294116,Laoo,False,25,200,True,0.9999878406524658,1.0000067949295044
div,26140834.935716264,9747073784.700026,CC-MAIN-2026-25,2026-06-15,0.0050002779142701,0.9618870921953276,0.5363534248666805,8.16298755186722,Thaa,True,25,300,True,1.000009298324585,1.0000097751617432
tgk,25867728.513356503,23392977083.28006,CC-MAIN-2026-25,2026-06-15,0.0041895834139829,0.7928772313127556,0.2639380217914249,3.100353210056098,Cyrl,True,25,300,True,1.0000072717666626,1.0000096559524536
lat,23117225.762707766,396900844512.98505,CC-MAIN-2026-25,2026-06-15,0.0002000883098648,0.8224833920467771,0.2910931431845674,1.9566910600419392,Latn,True,25,300,True,0.9991486072540284,0.9998843669891356
cym,20583381.42263313,39378178090.1881,CC-MAIN-2026-25,2026-06-15,0.0013610500288189,0.8334912090474804,0.384049331963001,2.2981549815498155,Latn,True,25,100,True,1.0000056028366089,1.000009298324585
gle,20223883.72307015,25732274791.608067,CC-MAIN-2026-25,2026-06-15,0.002160186099591,0.8585141348273613,0.3638272400773552,2.425589390962672,Latn,True,25,300,True,1.000009059906006,1.0000100135803225
som,19073370.820775595,20663796423.564053,CC-MAIN-2026-25,2026-06-15,0.0026067050232919,0.7939337658260961,0.3540996103676097,2.3241139680333567,Latn,True,25,300,True,1.0000079870224,1.0000098943710327
hau,14021880.636007875,11696488541.64003,CC-MAIN-2026-25,2026-06-15,0.0036367341571607,0.862764120953537,0.3296394724966153,1.8225672303853615,Latn,True,25,300,True,1.0000089406967163,1.0000097751617432
nno,12729743.405050805,53413964340.156136,CC-MAIN-2026-25,2026-06-15,0.0008056276182557,0.7611275280482684,0.2958220152632259,1.8189289501590669,Latn,True,25,300,True,1.0000066757202148,1.0000100135803225
mlt,11857775.184505217,12476254444.41603,CC-MAIN-2026-25,2026-06-15,0.0025879128673321,0.8989676812690365,0.3672563713637797,3.029171311780007,Latn,True,25,100,True,1.0000098943710327,1.0000100135803225
bak,11595712.547626112,13645903298.580036,CC-MAIN-2026-25,2026-06-15,0.0028042962653101,0.853043677759084,0.3030199749248353,4.097777777777778,Cyrl,True,25,200,True,1.0000089406967163,1.0000100135803225
ibo,10431312.625558183,5068478368.044013,CC-MAIN-2026-25,2026-06-15,0.0053201379111613,0.9432707394847396,0.3868463233820878,2.37156456318133,Latn,True,25,100,True,1.0000091791152954,1.0000100135803225
gla,9426607.9918173,7017893124.984018,CC-MAIN-2026-25,2026-06-15,0.003544962911482,0.9076766096697052,0.3789108150522555,2.280546623794212,Latn,True,25,200,True,1.000006079673767,1.0000098943710327
asm,9357152.122987103,11696488541.64003,CC-MAIN-2026-25,2026-06-15,0.0031553721103489,0.9863416782363336,0.2535348169580795,4.411406096361849,Beng;Latn,True,25,300,True,1.0000100135803225,1.0000100135803225
jav,8822398.598316783,12866137395.804031,CC-MAIN-2026-25,2026-06-15,0.0022050841425642,0.8791998309502008,0.3109662986918251,2.308447653429603,Latn,True,25,100,True,0.9999998807907104,1.0000097751617432
ltz,8524095.988691064,15595318055.52004,CC-MAIN-2026-25,2026-06-15,0.0016830194025842,0.9192983841625936,0.3247618244667397,2.2068175307934688,Latn,True,25,300,True,1.0000044107437134,1.000009536743164
kin,8132779.232338937,10916722638.864029,CC-MAIN-2026-25,2026-06-15,0.0021119499690447,0.7578713357046486,0.3527467988434531,2.573637316561845,Latn,True,25,200,True,0.9776263236999512,0.9928014278411864
bod,8005041.334210396,4288712465.268011,CC-MAIN-2026-25,2026-06-15,0.0083605910578346,0.8754500980903425,0.2232542151487547,28.091695501730104,Tibt,True,25,300,True,0.9962263703346252,0.999920129776001
hat,7683870.909140921,8967307881.924023,CC-MAIN-2026-25,2026-06-15,0.0023933994218781,0.8886943583164048,0.3580162977495896,1.7226376296850172,Latn,True,25,300,True,1.0000097751617432,1.0000100135803225
mri,6831989.03881517,6628010173.596017,CC-MAIN-2026-25,2026-06-15,0.0027885187605639,0.9169751644323042,0.3696497559983733,1.872955569864778,Latn,True,25,100,True,1.0000091791152954,1.0000100135803225
snd,6767046.324658934,7407776076.37202,CC-MAIN-2026-25,2026-06-15,0.0028330514464151,0.9535279835678164,0.322445887637662,2.645837877135587,Arab;Deva;Latn,True,25,200,True,1.0000096559524536,1.0000100135803225
epo,6516528.903389914,26512040694.384068,CC-MAIN-2026-25,2026-06-15,0.0007525847613532,0.7736321887658374,0.3266011787819253,2.0508265482358747,Latn,True,25,100,True,1.0000087022781372,1.0000100135803225
smo,6438256.896726603,3119063611.1040077,CC-MAIN-2026-25,2026-06-15,0.0057091927577319,0.9243092325207366,0.3615508305732973,1.6625522889294762,Latn,True,25,100,True,1.000009298324585,1.0000100135803225
nya,6321194.101649461,3119063611.1040077,CC-MAIN-2026-25,2026-06-15,0.0057412921617292,0.946547624824106,0.3529923117739368,2.6783450402604077,Latn,True,25,100,True,0.9994924068450928,0.9998210072517396
uig,5934667.936229747,5848244270.820015,CC-MAIN-2026-25,2026-06-15,0.0028222576701677,0.9034697902040112,0.3595623893666272,5.160628382441371,Arab;Cyrl;Latn,True,25,200,True,1.0000098943710327,1.0000100135803225
sna,5899725.777678306,3508946562.492009,CC-MAIN-2026-25,2026-06-15,0.0046611142787186,0.9086405707445988,0.360715928719609,2.9284053273201325,Latn,True,25,300,True,1.0000008344650269,1.000008463859558
fao,5812052.3527819915,21053679374.952057,CC-MAIN-2026-25,2026-06-15,0.0007919456822988,0.840045199913447,0.3485829311251915,2.297452133273029,Latn,True,25,100,True,1.0000087022781372,1.0000100135803225
ceb,5400855.031757268,8577424930.536023,CC-MAIN-2026-25,2026-06-15,0.0019090033290867,0.904669755077308,0.3298366483128876,1.8746159854204631,Latn,True,25,200,True,0.9999562501907348,1.000007152557373
tat,5255561.230830125,30800753159.652084,CC-MAIN-2026-25,2026-06-15,0.0006634405374178,0.8309309184210744,0.2571909957188233,3.351666546684904,Cyrl;Latn,True,25,300,True,1.0000038146972656,1.000008225440979
yor,5127008.460658615,5848244270.820015,CC-MAIN-2026-25,2026-06-15,0.0021448931547161,0.9371742146776836,0.4087265663874917,2.697475666693044,Latn,True,25,100,True,1.0000100135803225,1.0000100135803225
sot,4961888.831244926,2729180659.7160068,CC-MAIN-2026-25,2026-06-15,0.005360566036484,0.967153916014358,0.3391595844310434,1.8076223352148155,Latn,True,25,300,True,1.0000077486038208,1.0000097751617432
xho,4932751.3740447,3119063611.1040077,CC-MAIN-2026-25,2026-06-15,0.0042647106847373,0.9814450512267672,0.3708304771948326,3.137401855817273,Latn,True,25,300,True,0.9999841451644896,1.0000077486038208
haw,4802400.042885555,3119063611.1040077,CC-MAIN-2026-25,2026-06-15,0.0040861603918449,0.9746510726962422,0.3768067660365598,1.799025141097999,Latn,True,25,300,True,0.9999959468841552,1.0000100135803225
cos,4495107.413687284,11306605590.252028,CC-MAIN-2026-25,2026-06-15,0.0011809802802041,0.96396664144962,0.3366395868757478,1.9204239267109753,Latn,True,25,300,True,1.000007152557373,1.0000100135803225
zul,4477095.579817187,5458361319.4320135,CC-MAIN-2026-25,2026-06-15,0.0022376919124396,0.931778379864138,0.3665504805270687,3.2165841584158414,Latn,True,25,300,True,0.995164394378662,0.999919295310974
sun,3937023.4610993667,5068478368.044013,CC-MAIN-2026-25,2026-06-15,0.0024170787666412,0.8959659101574966,0.3213657595642882,2.164087870105062,Latn,True,25,300,True,1.0000094175338743,1.0000100135803225
tuk,3563312.291400268,13256020347.192034,CC-MAIN-2026-25,2026-06-15,0.0007472555851444,0.8331541409225914,0.3597257727167092,3.277134791813691,Arab;Cyrl;Latn,True,25,100,True,1.0000098943710327,1.0000100135803225
fry,2627564.9128195504,7407776076.37202,CC-MAIN-2026-25,2026-06-15,0.0010816765438849,0.7074423219335341,0.3279202193365671,1.9642663779101248,Latn,True,25,200,True,1.0000098943710327,1.0000100135803225
tir,2592750.4123289785,2339297708.328006,CC-MAIN-2026-25,2026-06-15,0.0027723606735069,0.8220676634320382,0.3997840718041821,4.793520963482965,Ethi,True,25,300,True,1.0000077486038208,1.0000100135803225
oci,1373845.5553875973,14815552152.74404,CC-MAIN-2026-25,2026-06-15,0.0003028470148092,0.7663168819188192,0.3061940691349359,1.9475446428571428,Latn,True,25,100,True,0.9999910593032836,1.0000083446502686
lug,1244237.101100441,1169648854.164003,CC-MAIN-2026-25,2026-06-15,0.0027718626311641,0.9361462411627188,0.3837743491791671,2.856600073538424,Latn,True,25,100,True,0.9993515610694884,0.9999163150787354
kal,1154342.176557799,3508946562.492009,CC-MAIN-2026-25,2026-06-15,0.0008940826172717,0.8978936360920227,0.3679426721512316,5.05111340787372,Latn,True,25,100,True,1.0000087022781372,1.0000100135803225
run,916927.7591612297,389882951.38800097,CC-MAIN-2026-25,2026-06-15,0.0063425849997735,0.6851335032872669,0.3707956065839011,2.676774483378257,Latn,True,25,300,True,0.99992036819458,1.000006079673767
kha,889079.8169558545,1559531805.552004,CC-MAIN-2026-25,2026-06-15,0.0017120537053515,0.9414530057013304,0.3329884203297995,1.6463119709794438,Latn,True,25,300,True,1.0000097751617432,1.0000100135803225
roh,869615.0931167608,5068478368.044013,CC-MAIN-2026-25,2026-06-15,0.000540768336819,0.9044216110424392,0.3172767269923345,1.93338861249309,Latn,True,25,300,True,0.9999971389770508,1.0000097751617432
bre,846150.582314216,8577424930.536023,CC-MAIN-2026-25,2026-06-15,0.0002720501081605,0.8232818371607515,0.3626117133994656,2.081629055007052,Latn,True,25,300,True,1.0000091791152954,1.0000100135803225
san,810333.6997546364,11306605590.252028,CC-MAIN-2026-25,2026-06-15,0.0003879103110336,0.8069566612569392,0.1847567584226666,3.5754473161033795,Deva;Latn,True,25,100,True,0.9998866319656372,0.999997615814209
lin,735591.6318294398,1949414756.940005,CC-MAIN-2026-25,2026-06-15,0.0010157908828609,0.6104875890653378,0.3714738271232464,2.2607298599954095,Latn,True,25,300,True,1.000007152557373,1.0000098943710327
dzo,734826.5302023286,389882951.38800097,CC-MAIN-2026-25,2026-06-15,0.0081728415109351,0.8436509174073497,0.2306096653825452,11.968612680477086,Tibt,True,25,300,True,1.0000091791152954,1.0000097751617432
crs,544383.7397121383,389882951.38800097,CC-MAIN-2026-25,2026-06-15,0.0041199839026336,0.700554528650647,0.3389029744604539,1.7513741531381823,Latn,True,25,100,True,1.0000097751617432,1.0000100135803225
sag,363718.5958839908,1949414756.940005,CC-MAIN-2026-25,2026-06-15,0.0005243606275295,0.246386630532972,0.3558206772789206,1.6261327393307343,Latn,True,25,200,True,1.0000100135803225,1.0000100135803225
fij,353733.73741629615,389882951.38800097,CC-MAIN-2026-25,2026-06-15,0.0025825775045434,0.8731328680451372,0.3513086748320229,1.8425941854464132,Latn,True,25,300,True,1.0000100135803225,1.0000100135803225
tso,317073.0043219204,389882951.38800097,CC-MAIN-2026-25,2026-06-15,0.0022077311532735,0.515928178395598,0.368365404948192,2.129083815164763,Latn,True,25,300,True,0.999935269355774,1.0000053644180298
abk,285090.77949204604,2339297708.328006,CC-MAIN-2026-25,2026-06-15,0.0003528753448964,0.9662921348314606,0.345363439173804,5.154345842057229,Cyrl,True,25,300,True,0.999868631362915,0.9999758005142212
mfe,252922.9870581698,779765902.7760019,CC-MAIN-2026-25,2026-06-15,0.0010006436280052,0.6600741656365884,0.324148956178296,1.768236380424746,Latn,True,25,300,True,1.0000097751617432,1.0000100135803225
tsn,229219.44904267133,779765902.7760019,CC-MAIN-2026-25,2026-06-15,0.0008376575205235,0.9190732582803068,0.3509301901418084,1.9241827614225888,Latn,True,25,300,True,0.999660849571228,0.9999164342880248
wol,206942.78296481134,779765902.7760019,CC-MAIN-2026-25,2026-06-15,0.0006981784249179,0.8385440265820873,0.3801190370436172,1.9920194194127625,Latn,True,25,300,True,1.0000100135803225,1.0000100135803225
bis,183104.49230108372,779765902.7760019,CC-MAIN-2026-25,2026-06-15,0.0007043439814914,0.7568798633516797,0.3333879900889083,1.6261441393406202,Latn,True,25,300,True,1.0000100135803225,1.0000100135803225
sco,157445.22823188987,2729180659.7160068,CC-MAIN-2026-25,2026-06-15,0.0002080824242424,0.6758705592683785,0.2772437847264468,1.6233673711707433,Latn,True,25,200,True,1.0000100135803225,1.0000100135803225
ton,144322.25837129314,389882951.38800097,CC-MAIN-2026-25,2026-06-15,0.0009228588888323,0.5545857392238486,0.4011102605362787,2.208003669303979,Latn,True,25,300,True,1.0000100135803225,1.0000100135803225
nso,110288.79022988453,389882951.38800097,CC-MAIN-2026-25,2026-06-15,0.0007802209047084,0.4851024208566108,0.3625597140156751,1.9070648314112753,Latn,True,25,300,True,1.0000100135803225,1.0000100135803225
glv,76177.28113238285,2729180659.7160068,CC-MAIN-2026-25,2026-06-15,7.343477398530928e-05,0.6186027619821283,0.3800943557096572,2.3899213724088635,Latn,True,25,100,True,1.000009536743164,1.0000100135803225
vol,68340.85306601539,5068478368.044013,CC-MAIN-2026-25,2026-06-15,3.637006262559628e-05,0.8720986460348162,0.3707308692144501,2.3093997208003723,Latn,True,25,300,True,1.000003457069397,1.0000100135803225
ina,57870.72614460597,2729180659.7160068,CC-MAIN-2026-25,2026-06-15,7.803862308253712e-05,0.565266106442577,0.2717171487650253,1.5465597516813243,Latn,True,25,200,True,0.9999905824661256,1.0000079870224
war,15663.712995937658,6628010173.596017,CC-MAIN-2026-25,2026-06-15,7.373329553758144e-06,0.7975708502024291,0.3205146650771792,1.9178452834829665,Latn,True,25,300,True,1.0000020265579224,1.0000091791152954
ile,13532.382531025012,1559531805.552004,CC-MAIN-2026-25,2026-06-15,2.9831174942573384e-05,0.7767241379310346,0.2908771929824562,1.6159844054580896,Latn,True,25,300,True,1.0000077486038208,1.0000100135803225
ven,0.0,0.0,CC-MAIN-2026-25,2026-06-15,0.0148990948517502,0.9530761209593326,0.4015082080274417,2.2468515133048954,Latn,True,25,300,True,1.0000100135803225,1.0000100135803225
ssw,0.0,0.0,CC-MAIN-2026-25,2026-06-15,0.0037433597297487,0.9442080378250592,0.3733626084748547,3.4233086825527255,Latn,True,25,300,True,1.0000081062316897,1.0000097751617432
