subset,code,reason
aai_Latn,aai,not_in_cc_data
aak_Latn,aak,not_in_cc_data
aau_Latn,aau,not_in_cc_data
aaz_Latn,aaz,not_in_cc_data
aba_Latn,aba,not_in_cc_data
abi_Latn,abi,not_in_cc_data
abn_Latn,abn,not_in_cc_data
abq_Cyrl,abq,not_in_cc_data
abs_Latn,abs,not_in_cc_data
abt_Latn,abt,not_in_cc_data
abx_Latn,abx,not_in_cc_data
aby_Latn,aby,not_in_cc_data
abz_Latn,abz,not_in_cc_data
aca_Latn,aca,not_in_cc_data
acd_Latn,acd,not_in_cc_data
ace_Latn,ace,not_in_cc_data
acf_Latn,acf,not_in_cc_data
ach_Latn,ach,not_in_cc_data
acm_Arab,acm,not_in_cc_data
acn_Latn,acn,not_in_cc_data
acr_Latn,acr,not_in_cc_data
acu_Latn,acu,not_in_cc_data
ada_Latn,ada,not_in_cc_data
ade_Latn,ade,not_in_cc_data
adh_Latn,adh,not_in_cc_data
adi_Latn,adi,not_in_cc_data
adj_Latn,adj,not_in_cc_data
adl_Latn,adl,not_in_cc_data
ady_Cyrl,ady,not_in_cc_data
adz_Latn,adz,not_in_cc_data
aeb_Arab,aeb,not_in_cc_data
aer_Latn,aer,not_in_cc_data
aeu_Latn,aeu,not_in_cc_data
aey_Latn,aey,not_in_cc_data
agd_Latn,agd,not_in_cc_data
agg_Latn,agg,not_in_cc_data
agm_Latn,agm,not_in_cc_data
agn_Latn,agn,not_in_cc_data
agr_Latn,agr,not_in_cc_data
agt_Latn,agt,not_in_cc_data
agu_Latn,agu,not_in_cc_data
agw_Latn,agw,not_in_cc_data
agx_Cyrl,agx,not_in_cc_data
aha_Latn,aha,not_in_cc_data
ahk_Latn,ahk,not_in_cc_data
aia_Latn,aia,not_in_cc_data
aii_Syrc,aii,not_in_cc_data
aim_Latn,aim,not_in_cc_data
ain_Latn,ain,not_in_cc_data
ajg_Latn,ajg,not_in_cc_data
aji_Latn,aji,not_in_cc_data
ajz_Latn,ajz,not_in_cc_data
akb_Latn,akb,not_in_cc_data
ake_Latn,ake,not_in_cc_data
akh_Latn,akh,not_in_cc_data
akp_Latn,akp,not_in_cc_data
alj_Latn,alj,not_in_cc_data
aln_Latn,aln,not_in_cc_data
alp_Latn,alp,not_in_cc_data
alq_Latn,alq,not_in_cc_data
als_Latn,als,not_in_cc_data
alt_Cyrl,alt,not_in_cc_data
aly_Latn,aly,not_in_cc_data
alz_Latn,alz,not_in_cc_data
ame_Latn,ame,not_in_cc_data
amf_Latn,amf,not_in_cc_data
ami_Latn,ami,not_in_cc_data
amk_Latn,amk,not_in_cc_data
amm_Latn,amm,not_in_cc_data
amn_Latn,amn,not_in_cc_data
amp_Latn,amp,not_in_cc_data
amr_Latn,amr,not_in_cc_data
amu_Latn,amu,not_in_cc_data
amx_Latn,amx,not_in_cc_data
ang_Latn,ang,not_in_cc_data
anm_Latn,anm,not_in_cc_data
ann_Latn,ann,not_in_cc_data
anp_Deva,anp,not_in_cc_data
anv_Latn,anv,not_in_cc_data
any_Latn,any,not_in_cc_data
aoi_Latn,aoi,not_in_cc_data
aoj_Latn,aoj,not_in_cc_data
aom_Latn,aom,not_in_cc_data
aoz_Latn,aoz,not_in_cc_data
apb_Latn,apb,not_in_cc_data
apc_Arab,apc,not_in_cc_data
ape_Latn,ape,not_in_cc_data
apn_Latn,apn,not_in_cc_data
apr_Latn,apr,not_in_cc_data
apt_Latn,apt,not_in_cc_data
apu_Latn,apu,not_in_cc_data
apw_Latn,apw,not_in_cc_data
apy_Latn,apy,not_in_cc_data
apz_Latn,apz,not_in_cc_data
arb_Arab,arb,not_in_cc_data
arb_Latn,arb,not_in_cc_data
are_Latn,are,not_in_cc_data
arg_Latn,arg,not_in_cc_data
arl_Latn,arl,not_in_cc_data
arn_Latn,arn,not_in_cc_data
arp_Latn,arp,not_in_cc_data
arq_Arab,arq,not_in_cc_data
ars_Arab,ars,not_in_cc_data
ary_Arab,ary,not_in_cc_data
arz_Arab,arz,not_in_cc_data
asg_Latn,asg,not_in_cc_data
aso_Latn,aso,not_in_cc_data
ast_Latn,ast,not_in_cc_data
ata_Latn,ata,not_in_cc_data
atb_Latn,atb,not_in_cc_data
atd_Latn,atd,not_in_cc_data
atg_Latn,atg,not_in_cc_data
ati_Latn,ati,not_in_cc_data
atj_Latn,atj,not_in_cc_data
atq_Latn,atq,not_in_cc_data
att_Latn,att,not_in_cc_data
auc_Latn,auc,not_in_cc_data
aui_Latn,aui,not_in_cc_data
auy_Latn,auy,not_in_cc_data
ava_Cyrl,ava,not_in_cc_data
avk_Latn,avk,not_in_cc_data
avn_Latn,avn,not_in_cc_data
avt_Latn,avt,not_in_cc_data
avu_Latn,avu,not_in_cc_data
awa_Deva,awa,not_in_cc_data
awb_Latn,awb,not_in_cc_data
awx_Latn,awx,not_in_cc_data
ayo_Latn,ayo,not_in_cc_data
ayp_Arab,ayp,not_in_cc_data
ayr_Latn,ayr,not_in_cc_data
azb_Arab,azb,not_in_cc_data
azg_Latn,azg,not_in_cc_data
azj_Cyrl,azj,not_in_cc_data
azj_Latn,azj,not_in_cc_data
azz_Latn,azz,not_in_cc_data
bam_Latn,bam,not_in_cc_data
ban_Latn,ban,not_in_cc_data
bao_Latn,bao,not_in_cc_data
bar_Latn,bar,not_in_cc_data
bas_Latn,bas,not_in_cc_data
bav_Latn,bav,not_in_cc_data
bba_Latn,bba,not_in_cc_data
bbb_Latn,bbb,not_in_cc_data
bbc_Latn,bbc,not_in_cc_data
bbj_Latn,bbj,not_in_cc_data
bbk_Latn,bbk,not_in_cc_data
bbo_Latn,bbo,not_in_cc_data
bbr_Latn,bbr,not_in_cc_data
bch_Latn,bch,not_in_cc_data
bci_Latn,bci,not_in_cc_data
bcl_Latn,bcl,not_in_cc_data
bco_Latn,bco,not_in_cc_data
bcw_Latn,bcw,not_in_cc_data
bdd_Latn,bdd,not_in_cc_data
bdh_Latn,bdh,not_in_cc_data
bdq_Latn,bdq,not_in_cc_data
bea_Latn,bea,not_in_cc_data
bef_Latn,bef,not_in_cc_data
bem_Latn,bem,not_in_cc_data
beq_Latn,beq,not_in_cc_data
bew_Latn,bew,not_in_cc_data
bex_Latn,bex,not_in_cc_data
bfd_Latn,bfd,not_in_cc_data
bfo_Latn,bfo,not_in_cc_data
bgr_Latn,bgr,not_in_cc_data
bgs_Latn,bgs,not_in_cc_data
bgt_Latn,bgt,not_in_cc_data
bgz_Latn,bgz,not_in_cc_data
bhg_Latn,bhg,not_in_cc_data
bhl_Latn,bhl,not_in_cc_data
bho_Deva,bho,not_in_cc_data
bhp_Latn,bhp,not_in_cc_data
bhw_Latn,bhw,not_in_cc_data
bhz_Latn,bhz,not_in_cc_data
bib_Latn,bib,not_in_cc_data
big_Latn,big,not_in_cc_data
bim_Latn,bim,not_in_cc_data
bin_Latn,bin,not_in_cc_data
biu_Latn,biu,not_in_cc_data
biv_Latn,biv,not_in_cc_data
bjn_Arab,bjn,not_in_cc_data
bjn_Latn,bjn,not_in_cc_data
bjp_Latn,bjp,not_in_cc_data
bjr_Latn,bjr,not_in_cc_data
bjv_Latn,bjv,not_in_cc_data
bkd_Latn,bkd,not_in_cc_data
bkl_Latn,bkl,not_in_cc_data
bkq_Latn,bkq,not_in_cc_data
bku_Latn,bku,not_in_cc_data
bkv_Latn,bkv,not_in_cc_data
bla_Latn,bla,not_in_cc_data
blh_Latn,blh,not_in_cc_data
blk_Mymr,blk,not_in_cc_data
blw_Latn,blw,not_in_cc_data
blz_Latn,blz,not_in_cc_data
bmh_Latn,bmh,not_in_cc_data
bmk_Latn,bmk,not_in_cc_data
bmq_Latn,bmq,not_in_cc_data
bmr_Latn,bmr,not_in_cc_data
bmu_Latn,bmu,not_in_cc_data
bmv_Latn,bmv,not_in_cc_data
bno_Latn,bno,not_in_cc_data
bnp_Latn,bnp,not_in_cc_data
boa_Latn,boa,not_in_cc_data
boj_Latn,boj,not_in_cc_data
bom_Latn,bom,not_in_cc_data
bon_Latn,bon,not_in_cc_data
bov_Latn,bov,not_in_cc_data
box_Latn,box,not_in_cc_data
bpr_Latn,bpr,not_in_cc_data
bps_Latn,bps,not_in_cc_data
bpy_Beng,bpy,not_in_cc_data
bqc_Latn,bqc,not_in_cc_data
bqj_Latn,bqj,not_in_cc_data
bqp_Latn,bqp,not_in_cc_data
brh_Arab,brh,not_in_cc_data
bru_Latn,bru,not_in_cc_data
brx_Deva,brx,not_in_cc_data
bsc_Latn,bsc,not_in_cc_data
bsn_Latn,bsn,not_in_cc_data
bsp_Latn,bsp,not_in_cc_data
bsq_Latn,bsq,not_in_cc_data
bss_Latn,bss,not_in_cc_data
btd_Latn,btd,not_in_cc_data
bth_Latn,bth,not_in_cc_data
bts_Latn,bts,not_in_cc_data
btt_Latn,btt,not_in_cc_data
btx_Latn,btx,not_in_cc_data
bud_Latn,bud,not_in_cc_data
bug_Latn,bug,not_in_cc_data
buk_Latn,buk,not_in_cc_data
bum_Latn,bum,not_in_cc_data
bus_Latn,bus,not_in_cc_data
bvc_Latn,bvc,not_in_cc_data
bvd_Latn,bvd,not_in_cc_data
bvr_Latn,bvr,not_in_cc_data
bvz_Latn,bvz,not_in_cc_data
bwd_Latn,bwd,not_in_cc_data
bwi_Latn,bwi,not_in_cc_data
bwq_Latn,bwq,not_in_cc_data
bwu_Latn,bwu,not_in_cc_data
bxh_Latn,bxh,not_in_cc_data
bxr_Cyrl,bxr,not_in_cc_data
byr_Latn,byr,not_in_cc_data
byv_Latn,byv,not_in_cc_data
byx_Latn,byx,not_in_cc_data
bzd_Latn,bzd,not_in_cc_data
bzh_Latn,bzh,not_in_cc_data
bzi_Thai,bzi,not_in_cc_data
bzj_Latn,bzj,not_in_cc_data
caa_Latn,caa,not_in_cc_data
cab_Latn,cab,not_in_cc_data
cac_Latn,cac,not_in_cc_data
caf_Latn,caf,not_in_cc_data
cag_Latn,cag,not_in_cc_data
cak_Latn,cak,not_in_cc_data
cao_Latn,cao,not_in_cc_data
cap_Latn,cap,not_in_cc_data
caq_Latn,caq,not_in_cc_data
car_Latn,car,not_in_cc_data
cas_Latn,cas,not_in_cc_data
cav_Latn,cav,not_in_cc_data
cax_Latn,cax,not_in_cc_data
cbc_Latn,cbc,not_in_cc_data
cbi_Latn,cbi,not_in_cc_data
cbk_Latn,cbk,not_in_cc_data
cbr_Latn,cbr,not_in_cc_data
cbs_Latn,cbs,not_in_cc_data
cbt_Latn,cbt,not_in_cc_data
cbu_Latn,cbu,not_in_cc_data
cbv_Latn,cbv,not_in_cc_data
cce_Latn,cce,not_in_cc_data
cco_Latn,cco,not_in_cc_data
ccp_Latn,ccp,not_in_cc_data
ceg_Latn,ceg,not_in_cc_data
cek_Latn,cek,not_in_cc_data
cfm_Latn,cfm,not_in_cc_data
cgc_Latn,cgc,not_in_cc_data
cgg_Latn,cgg,not_in_cc_data
cha_Latn,cha,not_in_cc_data
chd_Latn,chd,not_in_cc_data
che_Cyrl,che,not_in_cc_data
chf_Latn,chf,not_in_cc_data
chj_Latn,chj,not_in_cc_data
chk_Latn,chk,not_in_cc_data
cho_Latn,cho,not_in_cc_data
chq_Latn,chq,not_in_cc_data
chu_Cyrl,chu,not_in_cc_data
chv_Cyrl,chv,not_in_cc_data
chw_Latn,chw,not_in_cc_data
chz_Latn,chz,not_in_cc_data
cjk_Latn,cjk,not_in_cc_data
cjo_Latn,cjo,not_in_cc_data
cjp_Latn,cjp,not_in_cc_data
cjs_Cyrl,cjs,not_in_cc_data
cjv_Latn,cjv,not_in_cc_data
ckb_Arab,ckb,not_in_cc_data
cko_Latn,cko,not_in_cc_data
ckt_Cyrl,ckt,not_in_cc_data
cle_Latn,cle,not_in_cc_data
clu_Latn,clu,not_in_cc_data
cly_Latn,cly,not_in_cc_data
cme_Latn,cme,not_in_cc_data
cmn_Hani,cmn,not_in_cc_data
cmo_Latn,cmo,not_in_cc_data
cmr_Latn,cmr,not_in_cc_data
cnh_Latn,cnh,not_in_cc_data
cni_Latn,cni,not_in_cc_data
cnk_Latn,cnk,not_in_cc_data
cnl_Latn,cnl,not_in_cc_data
cnt_Latn,cnt,not_in_cc_data
cnw_Latn,cnw,not_in_cc_data
coe_Latn,coe,not_in_cc_data
cof_Latn,cof,not_in_cc_data
cok_Latn,cok,not_in_cc_data
con_Latn,con,not_in_cc_data
cop_Copt,cop,not_in_cc_data
cor_Latn,cor,not_in_cc_data
cot_Latn,cot,not_in_cc_data
cou_Latn,cou,not_in_cc_data
cpa_Latn,cpa,not_in_cc_data
cpb_Latn,cpb,not_in_cc_data
cpc_Latn,cpc,not_in_cc_data
cpu_Latn,cpu,not_in_cc_data
cpy_Latn,cpy,not_in_cc_data
crh_Cyrl,crh,not_in_cc_data
crh_Latn,crh,not_in_cc_data
crj_Cans,crj,not_in_cc_data
crk_Cans,crk,not_in_cc_data
crk_Latn,crk,not_in_cc_data
crl_Cans,crl,not_in_cc_data
crm_Cans,crm,not_in_cc_data
crn_Latn,crn,not_in_cc_data
crt_Latn,crt,not_in_cc_data
crx_Latn,crx,not_in_cc_data
csb_Latn,csb,not_in_cc_data
csk_Latn,csk,not_in_cc_data
cso_Latn,cso,not_in_cc_data
csw_Latn,csw,not_in_cc_data
csy_Latn,csy,not_in_cc_data
cta_Latn,cta,not_in_cc_data
ctd_Latn,ctd,not_in_cc_data
cto_Latn,cto,not_in_cc_data
ctp_Latn,ctp,not_in_cc_data
ctu_Latn,ctu,not_in_cc_data
cub_Latn,cub,not_in_cc_data
cuc_Latn,cuc,not_in_cc_data
cui_Latn,cui,not_in_cc_data
cuk_Latn,cuk,not_in_cc_data
cul_Latn,cul,not_in_cc_data
cut_Latn,cut,not_in_cc_data
cux_Latn,cux,not_in_cc_data
cwe_Latn,cwe,not_in_cc_data
cwt_Latn,cwt,not_in_cc_data
cya_Latn,cya,not_in_cc_data
czt_Latn,czt,not_in_cc_data
daa_Latn,daa,not_in_cc_data
dad_Latn,dad,not_in_cc_data
daf_Latn,daf,not_in_cc_data
dag_Latn,dag,not_in_cc_data
dah_Latn,dah,not_in_cc_data
dak_Latn,dak,not_in_cc_data
dar_Cyrl,dar,not_in_cc_data
ddg_Latn,ddg,not_in_cc_data
ddn_Latn,ddn,not_in_cc_data
ded_Latn,ded,not_in_cc_data
des_Latn,des,not_in_cc_data
dga_Latn,dga,not_in_cc_data
dgc_Latn,dgc,not_in_cc_data
dgi_Latn,dgi,not_in_cc_data
dgr_Latn,dgr,not_in_cc_data
dgz_Latn,dgz,not_in_cc_data
dhg_Latn,dhg,not_in_cc_data
dhm_Latn,dhm,not_in_cc_data
dhv_Latn,dhv,not_in_cc_data
did_Latn,did,not_in_cc_data
dig_Latn,dig,not_in_cc_data
dik_Latn,dik,not_in_cc_data
diq_Latn,diq,not_in_cc_data
dis_Latn,dis,not_in_cc_data
diu_Latn,diu,not_in_cc_data
dje_Latn,dje,not_in_cc_data
djk_Latn,djk,not_in_cc_data
djr_Latn,djr,not_in_cc_data
dks_Latn,dks,not_in_cc_data
dln_Latn,dln,not_in_cc_data
dng_Cyrl,dng,not_in_cc_data
dnj_Latn,dnj,not_in_cc_data
dnw_Latn,dnw,not_in_cc_data
dob_Latn,dob,not_in_cc_data
doi_Deva,doi,not_in_cc_data
dop_Latn,dop,not_in_cc_data
dos_Latn,dos,not_in_cc_data
dow_Latn,dow,not_in_cc_data
drg_Latn,drg,not_in_cc_data
dru_Latn,dru,not_in_cc_data
dsb_Latn,dsb,not_in_cc_data
dtb_Latn,dtb,not_in_cc_data
dtp_Latn,dtp,not_in_cc_data
dts_Latn,dts,not_in_cc_data
dty_Deva,dty,not_in_cc_data
dua_Latn,dua,not_in_cc_data
due_Latn,due,not_in_cc_data
dug_Latn,dug,not_in_cc_data
duo_Latn,duo,not_in_cc_data
dur_Latn,dur,not_in_cc_data
dwr_Latn,dwr,not_in_cc_data
dww_Latn,dww,not_in_cc_data
dyi_Latn,dyi,not_in_cc_data
dyo_Latn,dyo,not_in_cc_data
dyu_Latn,dyu,not_in_cc_data
ebk_Latn,ebk,not_in_cc_data
efi_Latn,efi,not_in_cc_data
eka_Latn,eka,not_in_cc_data
ekk_Latn,ekk,not_in_cc_data
eko_Latn,eko,not_in_cc_data
emi_Latn,emi,not_in_cc_data
eml_Latn,eml,not_in_cc_data
emp_Latn,emp,not_in_cc_data
enb_Latn,enb,not_in_cc_data
enl_Latn,enl,not_in_cc_data
enm_Latn,enm,not_in_cc_data
enq_Latn,enq,not_in_cc_data
enx_Latn,enx,not_in_cc_data
eri_Latn,eri,not_in_cc_data
ese_Latn,ese,not_in_cc_data
esi_Latn,esi,not_in_cc_data
esk_Latn,esk,not_in_cc_data
ess_Latn,ess,not_in_cc_data
esu_Latn,esu,not_in_cc_data
eto_Latn,eto,not_in_cc_data
etr_Latn,etr,not_in_cc_data
etu_Latn,etu,not_in_cc_data
eve_Cyrl,eve,not_in_cc_data
ewe_Latn,ewe,not_in_cc_data
ewo_Latn,ewo,not_in_cc_data
ext_Latn,ext,not_in_cc_data
eza_Latn,eza,not_in_cc_data
faa_Latn,faa,not_in_cc_data
fad_Latn,fad,not_in_cc_data
fai_Latn,fai,not_in_cc_data
fal_Latn,fal,not_in_cc_data
fan_Latn,fan,not_in_cc_data
far_Latn,far,not_in_cc_data
fat_Latn,fat,not_in_cc_data
ffm_Latn,ffm,not_in_cc_data
fil_Latn,fil,not_in_cc_data
fit_Latn,fit,not_in_cc_data
fkv_Latn,fkv,not_in_cc_data
fmu_Deva,fmu,not_in_cc_data
fon_Latn,fon,not_in_cc_data
for_Latn,for,not_in_cc_data
frd_Latn,frd,not_in_cc_data
fro_Latn,fro,not_in_cc_data
frp_Latn,frp,not_in_cc_data
frr_Latn,frr,not_in_cc_data
fub_Latn,fub,not_in_cc_data
fud_Latn,fud,not_in_cc_data
fue_Latn,fue,not_in_cc_data
fuf_Latn,fuf,not_in_cc_data
fuh_Latn,fuh,not_in_cc_data
fuq_Latn,fuq,not_in_cc_data
fur_Latn,fur,not_in_cc_data
fuv_Arab,fuv,not_in_cc_data
fuv_Latn,fuv,not_in_cc_data
gaa_Latn,gaa,not_in_cc_data
gag_Cyrl,gag,not_in_cc_data
gag_Latn,gag,not_in_cc_data
gah_Latn,gah,not_in_cc_data
gai_Latn,gai,not_in_cc_data
gam_Latn,gam,not_in_cc_data
gaw_Latn,gaw,not_in_cc_data
gaz_Latn,gaz,not_in_cc_data
gbi_Latn,gbi,not_in_cc_data
gbo_Latn,gbo,not_in_cc_data
gbr_Latn,gbr,not_in_cc_data
gcf_Latn,gcf,not_in_cc_data
gcr_Latn,gcr,not_in_cc_data
gde_Latn,gde,not_in_cc_data
gdg_Latn,gdg,not_in_cc_data
gdn_Latn,gdn,not_in_cc_data
gdr_Latn,gdr,not_in_cc_data
geb_Latn,geb,not_in_cc_data
gej_Latn,gej,not_in_cc_data
gfk_Latn,gfk,not_in_cc_data
ghs_Latn,ghs,not_in_cc_data
gid_Latn,gid,not_in_cc_data
gil_Latn,gil,not_in_cc_data
giz_Latn,giz,not_in_cc_data
gjn_Latn,gjn,not_in_cc_data
gkn_Latn,gkn,not_in_cc_data
glk_Arab,glk,not_in_cc_data
gmh_Latn,gmh,not_in_cc_data
gmv_Ethi,gmv,not_in_cc_data
gmv_Latn,gmv,not_in_cc_data
gna_Latn,gna,not_in_cc_data
gnb_Latn,gnb,not_in_cc_data
gnd_Latn,gnd,not_in_cc_data
gng_Latn,gng,not_in_cc_data
gnn_Latn,gnn,not_in_cc_data
gnw_Latn,gnw,not_in_cc_data
goa_Latn,goa,not_in_cc_data
gof_Ethi,gof,not_in_cc_data
gof_Latn,gof,not_in_cc_data
gog_Latn,gog,not_in_cc_data
goh_Latn,goh,not_in_cc_data
gom_Deva,gom,not_in_cc_data
gom_Latn,gom,not_in_cc_data
gor_Latn,gor,not_in_cc_data
gos_Latn,gos,not_in_cc_data
gqr_Latn,gqr,not_in_cc_data
grc_Grek,grc,not_in_cc_data
grt_Beng,grt,not_in_cc_data
gso_Latn,gso,not_in_cc_data
gsw_Latn,gsw,not_in_cc_data
gub_Latn,gub,not_in_cc_data
guc_Latn,guc,not_in_cc_data
gud_Latn,gud,not_in_cc_data
gug_Latn,gug,not_in_cc_data
guh_Latn,guh,not_in_cc_data
gui_Latn,gui,not_in_cc_data
guk_Ethi,guk,not_in_cc_data
gul_Latn,gul,not_in_cc_data
gum_Latn,gum,not_in_cc_data
gun_Latn,gun,not_in_cc_data
guo_Latn,guo,not_in_cc_data
guq_Latn,guq,not_in_cc_data
gur_Latn,gur,not_in_cc_data
guu_Latn,guu,not_in_cc_data
guw_Latn,guw,not_in_cc_data
gux_Latn,gux,not_in_cc_data
guz_Latn,guz,not_in_cc_data
gvc_Latn,gvc,not_in_cc_data
gvf_Latn,gvf,not_in_cc_data
gvl_Latn,gvl,not_in_cc_data
gvn_Latn,gvn,not_in_cc_data
gwi_Latn,gwi,not_in_cc_data
gwr_Latn,gwr,not_in_cc_data
gya_Latn,gya,not_in_cc_data
gym_Latn,gym,not_in_cc_data
gyr_Latn,gyr,not_in_cc_data
hac_Arab,hac,not_in_cc_data
hae_Latn,hae,not_in_cc_data
hag_Latn,hag,not_in_cc_data
hak_Hani,hak,not_in_cc_data
hak_Latn,hak,not_in_cc_data
hav_Latn,hav,not_in_cc_data
hay_Latn,hay,not_in_cc_data
hbo_Hebr,hbo,not_in_cc_data
hch_Latn,hch,not_in_cc_data
heg_Latn,heg,not_in_cc_data
heh_Latn,heh,not_in_cc_data
her_Latn,her,not_in_cc_data
hif_Latn,hif,not_in_cc_data
hig_Latn,hig,not_in_cc_data
hil_Latn,hil,not_in_cc_data
hix_Latn,hix,not_in_cc_data
hla_Latn,hla,not_in_cc_data
hmo_Latn,hmo,not_in_cc_data
hmr_Latn,hmr,not_in_cc_data
hne_Deva,hne,not_in_cc_data
hnj_Latn,hnj,not_in_cc_data
hnn_Latn,hnn,not_in_cc_data
hns_Latn,hns,not_in_cc_data
hop_Latn,hop,not_in_cc_data
hot_Latn,hot,not_in_cc_data
hra_Latn,hra,not_in_cc_data
hrx_Latn,hrx,not_in_cc_data
hsb_Latn,hsb,not_in_cc_data
hto_Latn,hto,not_in_cc_data
hub_Latn,hub,not_in_cc_data
hui_Latn,hui,not_in_cc_data
hus_Latn,hus,not_in_cc_data
huu_Latn,huu,not_in_cc_data
huv_Latn,huv,not_in_cc_data
hvn_Latn,hvn,not_in_cc_data
hwc_Latn,hwc,not_in_cc_data
hyw_Armn,hyw,not_in_cc_data
ian_Latn,ian,not_in_cc_data
iba_Latn,iba,not_in_cc_data
ibg_Latn,ibg,not_in_cc_data
icr_Latn,icr,not_in_cc_data
ido_Latn,ido,not_in_cc_data
idu_Latn,idu,not_in_cc_data
ifa_Latn,ifa,not_in_cc_data
ifb_Latn,ifb,not_in_cc_data
ife_Latn,ife,not_in_cc_data
ifk_Latn,ifk,not_in_cc_data
ifu_Latn,ifu,not_in_cc_data
ify_Latn,ify,not_in_cc_data
ige_Latn,ige,not_in_cc_data
ign_Latn,ign,not_in_cc_data
ike_Cans,ike,not_in_cc_data
ikk_Latn,ikk,not_in_cc_data
ikt_Latn,ikt,not_in_cc_data
ikw_Latn,ikw,not_in_cc_data
ilb_Latn,ilb,not_in_cc_data
ilo_Latn,ilo,not_in_cc_data
imo_Latn,imo,not_in_cc_data
inb_Latn,inb,not_in_cc_data
inh_Cyrl,inh,not_in_cc_data
ino_Latn,ino,not_in_cc_data
iou_Latn,iou,not_in_cc_data
ipi_Latn,ipi,not_in_cc_data
iqw_Latn,iqw,not_in_cc_data
iri_Latn,iri,not_in_cc_data
irk_Latn,irk,not_in_cc_data
iry_Latn,iry,not_in_cc_data
isd_Latn,isd,not_in_cc_data
ish_Latn,ish,not_in_cc_data
iso_Latn,iso,not_in_cc_data
itv_Latn,itv,not_in_cc_data
ium_Latn,ium,not_in_cc_data
ivb_Latn,ivb,not_in_cc_data
ivv_Latn,ivv,not_in_cc_data
iws_Latn,iws,not_in_cc_data
ixl_Latn,ixl,not_in_cc_data
izr_Latn,izr,not_in_cc_data
izz_Latn,izz,not_in_cc_data
jaa_Latn,jaa,not_in_cc_data
jac_Latn,jac,not_in_cc_data
jae_Latn,jae,not_in_cc_data
jam_Latn,jam,not_in_cc_data
jbo_Latn,jbo,not_in_cc_data
jbu_Latn,jbu,not_in_cc_data
jic_Latn,jic,not_in_cc_data
jiv_Latn,jiv,not_in_cc_data
jmc_Latn,jmc,not_in_cc_data
jra_Latn,jra,not_in_cc_data
jun_Orya,jun,not_in_cc_data
jvn_Latn,jvn,not_in_cc_data
kaa_Cyrl,kaa,not_in_cc_data
kaa_Latn,kaa,not_in_cc_data
kab_Latn,kab,not_in_cc_data
kac_Latn,kac,not_in_cc_data
kak_Latn,kak,not_in_cc_data
kam_Latn,kam,not_in_cc_data
kao_Latn,kao,not_in_cc_data
kaq_Latn,kaq,not_in_cc_data
kbc_Latn,kbc,not_in_cc_data
kbd_Cyrl,kbd,not_in_cc_data
kbh_Latn,kbh,not_in_cc_data
kbm_Latn,kbm,not_in_cc_data
kbo_Latn,kbo,not_in_cc_data
kbp_Latn,kbp,not_in_cc_data
kbq_Latn,kbq,not_in_cc_data
kbr_Latn,kbr,not_in_cc_data
kby_Latn,kby,not_in_cc_data
kca_Cyrl,kca,not_in_cc_data
kcg_Latn,kcg,not_in_cc_data
kck_Latn,kck,not_in_cc_data
kdc_Latn,kdc,not_in_cc_data
kde_Latn,kde,not_in_cc_data
kdh_Latn,kdh,not_in_cc_data
kdi_Latn,kdi,not_in_cc_data
kdj_Latn,kdj,not_in_cc_data
kdl_Latn,kdl,not_in_cc_data
kdr_Latn,kdr,not_in_cc_data
kea_Latn,kea,not_in_cc_data
kei_Latn,kei,not_in_cc_data
kek_Latn,kek,not_in_cc_data
ken_Latn,ken,not_in_cc_data
keo_Latn,keo,not_in_cc_data
ker_Latn,ker,not_in_cc_data
kew_Latn,kew,not_in_cc_data
kez_Latn,kez,not_in_cc_data
kff_Telu,kff,not_in_cc_data
kgf_Latn,kgf,not_in_cc_data
kgk_Latn,kgk,not_in_cc_data
kgp_Latn,kgp,not_in_cc_data
kgr_Latn,kgr,not_in_cc_data
khk_Cyrl,khk,not_in_cc_data
khs_Latn,khs,not_in_cc_data
khz_Latn,khz,not_in_cc_data
kia_Latn,kia,not_in_cc_data
kij_Latn,kij,not_in_cc_data
kik_Latn,kik,not_in_cc_data
kiu_Latn,kiu,not_in_cc_data
kix_Latn,kix,not_in_cc_data
kjb_Latn,kjb,not_in_cc_data
kje_Latn,kje,not_in_cc_data
kjh_Cyrl,kjh,not_in_cc_data
kjs_Latn,kjs,not_in_cc_data
kkc_Latn,kkc,not_in_cc_data
kki_Latn,kki,not_in_cc_data
kkj_Latn,kkj,not_in_cc_data
kkl_Latn,kkl,not_in_cc_data
kle_Deva,kle,not_in_cc_data
klt_Latn,klt,not_in_cc_data
klv_Latn,klv,not_in_cc_data
kmb_Latn,kmb,not_in_cc_data
kmg_Latn,kmg,not_in_cc_data
kmh_Latn,kmh,not_in_cc_data
kmk_Latn,kmk,not_in_cc_data
kmm_Latn,kmm,not_in_cc_data
kmo_Latn,kmo,not_in_cc_data
kmr_Cyrl,kmr,not_in_cc_data
kmr_Latn,kmr,not_in_cc_data
kms_Latn,kms,not_in_cc_data
kmu_Latn,kmu,not_in_cc_data
kmy_Latn,kmy,not_in_cc_data
knc_Latn,knc,not_in_cc_data
kne_Latn,kne,not_in_cc_data
knf_Latn,knf,not_in_cc_data
kng_Latn,kng,not_in_cc_data
knj_Latn,knj,not_in_cc_data
knk_Latn,knk,not_in_cc_data
kno_Latn,kno,not_in_cc_data
knv_Latn,knv,not_in_cc_data
knx_Latn,knx,not_in_cc_data
kny_Latn,kny,not_in_cc_data
kog_Latn,kog,not_in_cc_data
koi_Cyrl,koi,not_in_cc_data
koo_Latn,koo,not_in_cc_data
kos_Latn,kos,not_in_cc_data
kpe_Latn,kpe,not_in_cc_data
kpf_Latn,kpf,not_in_cc_data
kpg_Latn,kpg,not_in_cc_data
kpj_Latn,kpj,not_in_cc_data
kpq_Latn,kpq,not_in_cc_data
kpr_Latn,kpr,not_in_cc_data
kpv_Cyrl,kpv,not_in_cc_data
kpw_Latn,kpw,not_in_cc_data
kpx_Latn,kpx,not_in_cc_data
kpz_Latn,kpz,not_in_cc_data
kqc_Latn,kqc,not_in_cc_data
kqe_Latn,kqe,not_in_cc_data
kqf_Latn,kqf,not_in_cc_data
kql_Latn,kql,not_in_cc_data
kqn_Latn,kqn,not_in_cc_data
kqo_Latn,kqo,not_in_cc_data
kqp_Latn,kqp,not_in_cc_data
kqs_Latn,kqs,not_in_cc_data
kqw_Latn,kqw,not_in_cc_data
kqy_Ethi,kqy,not_in_cc_data
krc_Cyrl,krc,not_in_cc_data
kri_Latn,kri,not_in_cc_data
krj_Latn,krj,not_in_cc_data
krl_Latn,krl,not_in_cc_data
kru_Deva,kru,not_in_cc_data
krx_Latn,krx,not_in_cc_data
ksb_Latn,ksb,not_in_cc_data
ksc_Latn,ksc,not_in_cc_data
ksd_Latn,ksd,not_in_cc_data
ksf_Latn,ksf,not_in_cc_data
ksh_Latn,ksh,not_in_cc_data
ksj_Latn,ksj,not_in_cc_data
ksp_Latn,ksp,not_in_cc_data
ksr_Latn,ksr,not_in_cc_data
kss_Latn,kss,not_in_cc_data
ksw_Mymr,ksw,not_in_cc_data
ktb_Ethi,ktb,not_in_cc_data
ktj_Latn,ktj,not_in_cc_data
ktm_Latn,ktm,not_in_cc_data
kto_Latn,kto,not_in_cc_data
ktu_Latn,ktu,not_in_cc_data
ktz_Latn,ktz,not_in_cc_data
kua_Latn,kua,not_in_cc_data
kub_Latn,kub,not_in_cc_data
kud_Latn,kud,not_in_cc_data
kue_Latn,kue,not_in_cc_data
kuj_Latn,kuj,not_in_cc_data
kum_Cyrl,kum,not_in_cc_data
kup_Latn,kup,not_in_cc_data
kus_Latn,kus,not_in_cc_data
kvg_Latn,kvg,not_in_cc_data
kvj_Latn,kvj,not_in_cc_data
kvn_Latn,kvn,not_in_cc_data
kwd_Latn,kwd,not_in_cc_data
kwf_Latn,kwf,not_in_cc_data
kwi_Latn,kwi,not_in_cc_data
kwj_Latn,kwj,not_in_cc_data
kwn_Latn,kwn,not_in_cc_data
kwy_Latn,kwy,not_in_cc_data
kxc_Ethi,kxc,not_in_cc_data
kxm_Thai,kxm,not_in_cc_data
kxw_Latn,kxw,not_in_cc_data
kyc_Latn,kyc,not_in_cc_data
kyf_Latn,kyf,not_in_cc_data
kyg_Latn,kyg,not_in_cc_data
kyq_Latn,kyq,not_in_cc_data
kyu_Kali,kyu,not_in_cc_data
kyu_Latn,kyu,not_in_cc_data
kyu_Mymr,kyu,not_in_cc_data
kyz_Latn,kyz,not_in_cc_data
kze_Latn,kze,not_in_cc_data
kzf_Latn,kzf,not_in_cc_data
kzj_Latn,kzj,not_in_cc_data
lac_Latn,lac,not_in_cc_data
lad_Hebr,lad,not_in_cc_data
lad_Latn,lad,not_in_cc_data
lai_Latn,lai,not_in_cc_data
laj_Latn,laj,not_in_cc_data
lam_Latn,lam,not_in_cc_data
lap_Latn,lap,not_in_cc_data
lbb_Latn,lbb,not_in_cc_data
lbe_Cyrl,lbe,not_in_cc_data
lbj_Tibt,lbj,not_in_cc_data
lbk_Latn,lbk,not_in_cc_data
lcm_Latn,lcm,not_in_cc_data
lcp_Thai,lcp,not_in_cc_data
ldi_Latn,ldi,not_in_cc_data
ldn_Latn,ldn,not_in_cc_data
lee_Latn,lee,not_in_cc_data
lef_Latn,lef,not_in_cc_data
leh_Latn,leh,not_in_cc_data
lem_Latn,lem,not_in_cc_data
leu_Latn,leu,not_in_cc_data
lew_Latn,lew,not_in_cc_data
lex_Latn,lex,not_in_cc_data
lez_Cyrl,lez,not_in_cc_data
lfn_Cyrl,lfn,not_in_cc_data
lfn_Latn,lfn,not_in_cc_data
lgg_Latn,lgg,not_in_cc_data
lgl_Latn,lgl,not_in_cc_data
lgm_Latn,lgm,not_in_cc_data
lhi_Latn,lhi,not_in_cc_data
lhu_Latn,lhu,not_in_cc_data
lia_Latn,lia,not_in_cc_data
lid_Latn,lid,not_in_cc_data
lij_Latn,lij,not_in_cc_data
lim_Latn,lim,not_in_cc_data
lip_Latn,lip,not_in_cc_data
lis_Lisu,lis,not_in_cc_data
liv_Latn,liv,not_in_cc_data
ljp_Latn,ljp,not_in_cc_data
lki_Arab,lki,not_in_cc_data
llb_Latn,llb,not_in_cc_data
lld_Latn,lld,not_in_cc_data
llg_Latn,llg,not_in_cc_data
lln_Latn,lln,not_in_cc_data
lmk_Latn,lmk,not_in_cc_data
lmo_Latn,lmo,not_in_cc_data
lmp_Latn,lmp,not_in_cc_data
lnd_Latn,lnd,not_in_cc_data
lob_Latn,lob,not_in_cc_data
loe_Latn,loe,not_in_cc_data
log_Latn,log,not_in_cc_data
lok_Latn,lok,not_in_cc_data
lol_Latn,lol,not_in_cc_data
lom_Latn,lom,not_in_cc_data
loq_Latn,loq,not_in_cc_data
loz_Latn,loz,not_in_cc_data
lrc_Arab,lrc,not_in_cc_data
lsi_Latn,lsi,not_in_cc_data
lsm_Latn,lsm,not_in_cc_data
ltg_Latn,ltg,not_in_cc_data
lua_Latn,lua,not_in_cc_data
lub_Latn,lub,not_in_cc_data
luc_Latn,luc,not_in_cc_data
lud_Latn,lud,not_in_cc_data
lue_Latn,lue,not_in_cc_data
lun_Latn,lun,not_in_cc_data
luo_Latn,luo,not_in_cc_data
lus_Latn,lus,not_in_cc_data
lvs_Latn,lvs,not_in_cc_data
lwg_Latn,lwg,not_in_cc_data
lwo_Latn,lwo,not_in_cc_data
lww_Latn,lww,not_in_cc_data
lzh_Hani,lzh,not_in_cc_data
maa_Latn,maa,not_in_cc_data
mad_Latn,mad,not_in_cc_data
maf_Latn,maf,not_in_cc_data
mag_Deva,mag,not_in_cc_data
mah_Latn,mah,not_in_cc_data
mai_Deva,mai,not_in_cc_data
maj_Latn,maj,not_in_cc_data
mak_Latn,mak,not_in_cc_data
mam_Latn,mam,not_in_cc_data
maq_Latn,maq,not_in_cc_data
mas_Latn,mas,not_in_cc_data
mau_Latn,mau,not_in_cc_data
mav_Latn,mav,not_in_cc_data
maw_Latn,maw,not_in_cc_data
maz_Latn,maz,not_in_cc_data
mbb_Latn,mbb,not_in_cc_data
mbc_Latn,mbc,not_in_cc_data
mbd_Latn,mbd,not_in_cc_data
mbf_Latn,mbf,not_in_cc_data
mbh_Latn,mbh,not_in_cc_data
mbi_Latn,mbi,not_in_cc_data
mbj_Latn,mbj,not_in_cc_data
mbl_Latn,mbl,not_in_cc_data
mbs_Latn,mbs,not_in_cc_data
mbt_Latn,mbt,not_in_cc_data
mca_Latn,mca,not_in_cc_data
mcb_Latn,mcb,not_in_cc_data
mcd_Latn,mcd,not_in_cc_data
mcf_Latn,mcf,not_in_cc_data
mck_Latn,mck,not_in_cc_data
mcn_Latn,mcn,not_in_cc_data
mco_Latn,mco,not_in_cc_data
mcp_Latn,mcp,not_in_cc_data
mcq_Latn,mcq,not_in_cc_data
mcu_Latn,mcu,not_in_cc_data
mda_Latn,mda,not_in_cc_data
mdf_Cyrl,mdf,not_in_cc_data
mdy_Ethi,mdy,not_in_cc_data
med_Latn,med,not_in_cc_data
mee_Latn,mee,not_in_cc_data
mej_Latn,mej,not_in_cc_data
mek_Latn,mek,not_in_cc_data
men_Latn,men,not_in_cc_data
meq_Latn,meq,not_in_cc_data
mer_Latn,mer,not_in_cc_data
met_Latn,met,not_in_cc_data
meu_Latn,meu,not_in_cc_data
mev_Latn,mev,not_in_cc_data
mfg_Latn,mfg,not_in_cc_data
mfh_Latn,mfh,not_in_cc_data
mfi_Latn,mfi,not_in_cc_data
mfk_Latn,mfk,not_in_cc_data
mfq_Latn,mfq,not_in_cc_data
mfy_Latn,mfy,not_in_cc_data
mfz_Latn,mfz,not_in_cc_data
mgc_Latn,mgc,not_in_cc_data
mgh_Latn,mgh,not_in_cc_data
mgo_Latn,mgo,not_in_cc_data
mgr_Latn,mgr,not_in_cc_data
mhi_Latn,mhi,not_in_cc_data
mhl_Latn,mhl,not_in_cc_data
mhr_Cyrl,mhr,not_in_cc_data
mhw_Latn,mhw,not_in_cc_data
mhx_Latn,mhx,not_in_cc_data
mhy_Latn,mhy,not_in_cc_data
mib_Latn,mib,not_in_cc_data
mic_Latn,mic,not_in_cc_data
mie_Latn,mie,not_in_cc_data
mif_Latn,mif,not_in_cc_data
mig_Latn,mig,not_in_cc_data
mih_Latn,mih,not_in_cc_data
mil_Latn,mil,not_in_cc_data
mim_Latn,mim,not_in_cc_data
min_Latn,min,not_in_cc_data
mio_Latn,mio,not_in_cc_data
mip_Latn,mip,not_in_cc_data
miq_Latn,miq,not_in_cc_data
mir_Latn,mir,not_in_cc_data
mit_Latn,mit,not_in_cc_data
miy_Latn,miy,not_in_cc_data
miz_Latn,miz,not_in_cc_data
mjc_Latn,mjc,not_in_cc_data
mjw_Latn,mjw,not_in_cc_data
mkl_Latn,mkl,not_in_cc_data
mkn_Latn,mkn,not_in_cc_data
mks_Latn,mks,not_in_cc_data
mkz_Latn,mkz,not_in_cc_data
mlh_Latn,mlh,not_in_cc_data
mlp_Latn,mlp,not_in_cc_data
mlu_Latn,mlu,not_in_cc_data
mmn_Latn,mmn,not_in_cc_data
mmo_Latn,mmo,not_in_cc_data
mmx_Latn,mmx,not_in_cc_data
mna_Latn,mna,not_in_cc_data
mnb_Latn,mnb,not_in_cc_data
mnf_Latn,mnf,not_in_cc_data
mni_Beng,mni,not_in_cc_data
mni_Latn,mni,not_in_cc_data
mni_Mtei,mni,not_in_cc_data
mnk_Latn,mnk,not_in_cc_data
mns_Cyrl,mns,not_in_cc_data
mnw_Mymr,mnw,not_in_cc_data
mnx_Latn,mnx,not_in_cc_data
mny_Latn,mny,not_in_cc_data
moa_Latn,moa,not_in_cc_data
moc_Latn,moc,not_in_cc_data
mog_Latn,mog,not_in_cc_data
moh_Latn,moh,not_in_cc_data
mop_Latn,mop,not_in_cc_data
mor_Latn,mor,not_in_cc_data
mos_Latn,mos,not_in_cc_data
mox_Latn,mox,not_in_cc_data
mpg_Latn,mpg,not_in_cc_data
mph_Latn,mph,not_in_cc_data
mpm_Latn,mpm,not_in_cc_data
mpp_Latn,mpp,not_in_cc_data
mps_Latn,mps,not_in_cc_data
mpt_Latn,mpt,not_in_cc_data
mpx_Latn,mpx,not_in_cc_data
mqb_Latn,mqb,not_in_cc_data
mqj_Latn,mqj,not_in_cc_data
mqy_Latn,mqy,not_in_cc_data
mrg_Latn,mrg,not_in_cc_data
mrj_Cyrl,mrj,not_in_cc_data
mrq_Latn,mrq,not_in_cc_data
mrv_Latn,mrv,not_in_cc_data
mrw_Latn,mrw,not_in_cc_data
msb_Latn,msb,not_in_cc_data
msc_Latn,msc,not_in_cc_data
mse_Latn,mse,not_in_cc_data
msk_Latn,msk,not_in_cc_data
msy_Latn,msy,not_in_cc_data
mta_Latn,mta,not_in_cc_data
mtg_Latn,mtg,not_in_cc_data
mti_Latn,mti,not_in_cc_data
mto_Latn,mto,not_in_cc_data
mtp_Latn,mtp,not_in_cc_data
mua_Latn,mua,not_in_cc_data
mug_Latn,mug,not_in_cc_data
muh_Latn,muh,not_in_cc_data
mui_Latn,mui,not_in_cc_data
mup_Deva,mup,not_in_cc_data
mur_Latn,mur,not_in_cc_data
mus_Latn,mus,not_in_cc_data
mux_Latn,mux,not_in_cc_data
muy_Latn,muy,not_in_cc_data
mva_Latn,mva,not_in_cc_data
mvn_Latn,mvn,not_in_cc_data
mvp_Latn,mvp,not_in_cc_data
mwc_Latn,mwc,not_in_cc_data
mwf_Latn,mwf,not_in_cc_data
mwl_Latn,mwl,not_in_cc_data
mwm_Latn,mwm,not_in_cc_data
mwn_Latn,mwn,not_in_cc_data
mwp_Latn,mwp,not_in_cc_data
mwq_Latn,mwq,not_in_cc_data
mwv_Latn,mwv,not_in_cc_data
mww_Latn,mww,not_in_cc_data
mxb_Latn,mxb,not_in_cc_data
mxp_Latn,mxp,not_in_cc_data
mxq_Latn,mxq,not_in_cc_data
mxt_Latn,mxt,not_in_cc_data
mxv_Latn,mxv,not_in_cc_data
myb_Latn,myb,not_in_cc_data
myk_Latn,myk,not_in_cc_data
myu_Latn,myu,not_in_cc_data
myv_Cyrl,myv,not_in_cc_data
myw_Latn,myw,not_in_cc_data
myx_Latn,myx,not_in_cc_data
myy_Latn,myy,not_in_cc_data
mza_Latn,mza,not_in_cc_data
mzh_Latn,mzh,not_in_cc_data
mzk_Latn,mzk,not_in_cc_data
mzl_Latn,mzl,not_in_cc_data
mzm_Latn,mzm,not_in_cc_data
mzn_Arab,mzn,not_in_cc_data
mzw_Latn,mzw,not_in_cc_data
mzz_Latn,mzz,not_in_cc_data
nab_Latn,nab,not_in_cc_data
naf_Latn,naf,not_in_cc_data
nah_Latn,nah,not_in_cc_data
nak_Latn,nak,not_in_cc_data
nan_Latn,,not_in_cc_data
nap_Latn,nap,not_in_cc_data
naq_Latn,naq,not_in_cc_data
nas_Latn,nas,not_in_cc_data
nav_Latn,nav,not_in_cc_data
naw_Latn,naw,not_in_cc_data
nba_Latn,nba,not_in_cc_data
nbc_Latn,nbc,not_in_cc_data
nbe_Latn,nbe,not_in_cc_data
nbl_Latn,nbl,not_in_cc_data
nbq_Latn,nbq,not_in_cc_data
nbu_Latn,nbu,not_in_cc_data
nca_Latn,nca,not_in_cc_data
nch_Latn,nch,not_in_cc_data
ncj_Latn,ncj,not_in_cc_data
ncl_Latn,ncl,not_in_cc_data
ncq_Laoo,ncq,not_in_cc_data
nct_Latn,nct,not_in_cc_data
ncu_Latn,ncu,not_in_cc_data
ncx_Latn,ncx,not_in_cc_data
ndc_Latn,ndc,not_in_cc_data
nde_Latn,nde,not_in_cc_data
ndh_Latn,ndh,not_in_cc_data
ndi_Latn,ndi,not_in_cc_data
ndj_Latn,ndj,not_in_cc_data
ndo_Latn,ndo,not_in_cc_data
nds_Latn,nds,not_in_cc_data
ndz_Latn,ndz,not_in_cc_data
neb_Latn,neb,not_in_cc_data
nfa_Latn,nfa,not_in_cc_data
nfr_Latn,nfr,not_in_cc_data
ngb_Latn,ngb,not_in_cc_data
ngc_Latn,ngc,not_in_cc_data
ngl_Latn,ngl,not_in_cc_data
ngp_Latn,ngp,not_in_cc_data
ngu_Latn,ngu,not_in_cc_data
nhd_Latn,nhd,not_in_cc_data
nhe_Latn,nhe,not_in_cc_data
nhg_Latn,nhg,not_in_cc_data
nhi_Latn,nhi,not_in_cc_data
nhk_Latn,nhk,not_in_cc_data
nho_Latn,nho,not_in_cc_data
nhr_Latn,nhr,not_in_cc_data
nhu_Latn,nhu,not_in_cc_data
nhw_Latn,nhw,not_in_cc_data
nhx_Latn,nhx,not_in_cc_data
nhy_Latn,nhy,not_in_cc_data
nia_Latn,nia,not_in_cc_data
nif_Latn,nif,not_in_cc_data
nii_Latn,nii,not_in_cc_data
nij_Latn,nij,not_in_cc_data
nim_Latn,nim,not_in_cc_data
nin_Latn,nin,not_in_cc_data
nio_Cyrl,nio,not_in_cc_data
niu_Latn,niu,not_in_cc_data
niy_Latn,niy,not_in_cc_data
njb_Latn,njb,not_in_cc_data
njm_Latn,njm,not_in_cc_data
njn_Latn,njn,not_in_cc_data
njo_Latn,njo,not_in_cc_data
njz_Latn,njz,not_in_cc_data
nkf_Latn,nkf,not_in_cc_data
nko_Latn,nko,not_in_cc_data
nlg_Latn,nlg,not_in_cc_data
nma_Latn,nma,not_in_cc_data
nmf_Latn,nmf,not_in_cc_data
nmh_Latn,nmh,not_in_cc_data
nmo_Latn,nmo,not_in_cc_data
nmw_Latn,nmw,not_in_cc_data
nmz_Latn,nmz,not_in_cc_data
nnb_Latn,nnb,not_in_cc_data
nng_Latn,nng,not_in_cc_data
nnh_Latn,nnh,not_in_cc_data
nnl_Latn,nnl,not_in_cc_data
nnp_Latn,nnp,not_in_cc_data
nnq_Latn,nnq,not_in_cc_data
nnw_Latn,nnw,not_in_cc_data
noa_Latn,noa,not_in_cc_data
nob_Latn,nob,not_in_cc_data
nod_Thai,nod,not_in_cc_data
nog_Cyrl,nog,not_in_cc_data
non_Latn,non,not_in_cc_data
nop_Latn,nop,not_in_cc_data
not_Latn,not,not_in_cc_data
nou_Latn,nou,not_in_cc_data
nov_Latn,nov,not_in_cc_data
nph_Latn,nph,not_in_cc_data
npi_Deva,npi,not_in_cc_data
npi_Latn,npi,not_in_cc_data
npl_Latn,npl,not_in_cc_data
npo_Latn,npo,not_in_cc_data
npy_Latn,npy,not_in_cc_data
nqo_Nkoo,nqo,not_in_cc_data
nre_Latn,nre,not_in_cc_data
nrf_Latn,nrf,not_in_cc_data
nri_Latn,nri,not_in_cc_data
nrm_Latn,nrm,not_in_cc_data
nsa_Latn,nsa,not_in_cc_data
nse_Latn,nse,not_in_cc_data
nsm_Latn,nsm,not_in_cc_data
nsn_Latn,nsn,not_in_cc_data
nss_Latn,nss,not_in_cc_data
nst_Latn,nst,not_in_cc_data
nsu_Latn,nsu,not_in_cc_data
ntp_Latn,ntp,not_in_cc_data
ntr_Latn,ntr,not_in_cc_data
ntu_Latn,ntu,not_in_cc_data
nuj_Latn,nuj,not_in_cc_data
nus_Latn,nus,not_in_cc_data
nuy_Latn,nuy,not_in_cc_data
nvm_Latn,nvm,not_in_cc_data
nwb_Latn,nwb,not_in_cc_data
nwi_Latn,nwi,not_in_cc_data
nwx_Deva,nwx,not_in_cc_data
nxd_Latn,nxd,not_in_cc_data
nyf_Latn,nyf,not_in_cc_data
nyk_Latn,nyk,not_in_cc_data
nyn_Latn,nyn,not_in_cc_data
nyo_Latn,nyo,not_in_cc_data
nyu_Latn,nyu,not_in_cc_data
nyy_Latn,nyy,not_in_cc_data
nza_Latn,nza,not_in_cc_data
nzi_Latn,nzi,not_in_cc_data
nzm_Latn,nzm,not_in_cc_data
obo_Latn,obo,not_in_cc_data
ogo_Latn,ogo,not_in_cc_data
ojb_Cans,ojb,not_in_cc_data
ojb_Latn,ojb,not_in_cc_data
oke_Latn,oke,not_in_cc_data
oku_Latn,oku,not_in_cc_data
okv_Latn,okv,not_in_cc_data
old_Latn,old,not_in_cc_data
olo_Latn,olo,not_in_cc_data
omb_Latn,omb,not_in_cc_data
omw_Latn,omw,not_in_cc_data
ong_Latn,ong,not_in_cc_data
ons_Latn,ons,not_in_cc_data
ood_Latn,ood,not_in_cc_data
opm_Latn,opm,not_in_cc_data
orv_Cyrl,orv,not_in_cc_data
ory_Latn,ory,not_in_cc_data
ory_Orya,ory,not_in_cc_data
oss_Cyrl,oss,not_in_cc_data
ota_Arab,ota,not_in_cc_data
otd_Latn,otd,not_in_cc_data
ote_Latn,ote,not_in_cc_data
otm_Latn,otm,not_in_cc_data
otn_Latn,otn,not_in_cc_data
oto_Latn,oto,not_in_cc_data
otq_Latn,otq,not_in_cc_data
ots_Latn,ots,not_in_cc_data
otw_Latn,otw,not_in_cc_data
oym_Latn,oym,not_in_cc_data
ozm_Latn,ozm,not_in_cc_data
pab_Latn,pab,not_in_cc_data
pad_Latn,pad,not_in_cc_data
pag_Latn,pag,not_in_cc_data
pah_Latn,pah,not_in_cc_data
pam_Latn,pam,not_in_cc_data
pao_Latn,pao,not_in_cc_data
pap_Latn,pap,not_in_cc_data
pau_Latn,pau,not_in_cc_data
pbb_Latn,pbb,not_in_cc_data
pbc_Latn,pbc,not_in_cc_data
pbi_Latn,pbi,not_in_cc_data
pbt_Arab,pbt,not_in_cc_data
pcd_Latn,pcd,not_in_cc_data
pck_Latn,pck,not_in_cc_data
pcm_Latn,pcm,not_in_cc_data
pdc_Latn,pdc,not_in_cc_data
pdt_Latn,pdt,not_in_cc_data
pem_Latn,pem,not_in_cc_data
pfe_Latn,pfe,not_in_cc_data
pfl_Latn,pfl,not_in_cc_data
phm_Latn,phm,not_in_cc_data
pib_Latn,pib,not_in_cc_data
pio_Latn,pio,not_in_cc_data
pir_Latn,pir,not_in_cc_data
pis_Latn,pis,not_in_cc_data
pjt_Latn,pjt,not_in_cc_data
pkb_Latn,pkb,not_in_cc_data
plg_Latn,plg,not_in_cc_data
pls_Latn,pls,not_in_cc_data
plt_Latn,plt,not_in_cc_data
plu_Latn,plu,not_in_cc_data
plw_Latn,plw,not_in_cc_data
pma_Latn,pma,not_in_cc_data
pmf_Latn,pmf,not_in_cc_data
pmq_Latn,pmq,not_in_cc_data
pms_Latn,pms,not_in_cc_data
pmx_Latn,pmx,not_in_cc_data
pnb_Arab,pnb,not_in_cc_data
pne_Latn,pne,not_in_cc_data
pnt_Grek,pnt,not_in_cc_data
pny_Latn,pny,not_in_cc_data
poe_Latn,poe,not_in_cc_data
poh_Latn,poh,not_in_cc_data
poi_Latn,poi,not_in_cc_data
pon_Latn,pon,not_in_cc_data
pos_Latn,pos,not_in_cc_data
pot_Latn,pot,not_in_cc_data
pov_Latn,pov,not_in_cc_data
poy_Latn,poy,not_in_cc_data
ppk_Latn,ppk,not_in_cc_data
ppo_Latn,ppo,not_in_cc_data
pps_Latn,pps,not_in_cc_data
prf_Latn,prf,not_in_cc_data
prg_Latn,prg,not_in_cc_data
pri_Latn,pri,not_in_cc_data
prq_Latn,prq,not_in_cc_data
pse_Latn,pse,not_in_cc_data
pss_Latn,pss,not_in_cc_data
ptp_Latn,ptp,not_in_cc_data
ptu_Latn,ptu,not_in_cc_data
pui_Latn,pui,not_in_cc_data
pwg_Latn,pwg,not_in_cc_data
pwn_Latn,pwn,not_in_cc_data
pww_Thai,pww,not_in_cc_data
pxm_Latn,pxm,not_in_cc_data
qub_Latn,qub,not_in_cc_data
quc_Latn,quc,not_in_cc_data
quf_Latn,quf,not_in_cc_data
qug_Latn,qug,not_in_cc_data
quh_Latn,quh,not_in_cc_data
qul_Latn,qul,not_in_cc_data
qup_Latn,qup,not_in_cc_data
qus_Latn,qus,not_in_cc_data
quw_Latn,quw,not_in_cc_data
quy_Latn,quy,not_in_cc_data
quz_Latn,quz,not_in_cc_data
qva_Latn,qva,not_in_cc_data
qvc_Latn,qvc,not_in_cc_data
qve_Latn,qve,not_in_cc_data
qvh_Latn,qvh,not_in_cc_data
qvi_Latn,qvi,not_in_cc_data
qvm_Latn,qvm,not_in_cc_data
qvn_Latn,qvn,not_in_cc_data
qvo_Latn,qvo,not_in_cc_data
qvs_Latn,qvs,not_in_cc_data
qvw_Latn,qvw,not_in_cc_data
qvz_Latn,qvz,not_in_cc_data
qwh_Latn,qwh,not_in_cc_data
qxh_Latn,qxh,not_in_cc_data
qxl_Latn,qxl,not_in_cc_data
qxn_Latn,qxn,not_in_cc_data
qxo_Latn,qxo,not_in_cc_data
qxr_Latn,qxr,not_in_cc_data
rad_Latn,rad,not_in_cc_data
rai_Latn,rai,not_in_cc_data
rap_Latn,rap,not_in_cc_data
rar_Latn,rar,not_in_cc_data
rav_Deva,rav,not_in_cc_data
raw_Latn,raw,not_in_cc_data
rcf_Latn,rcf,not_in_cc_data
rej_Latn,rej,not_in_cc_data
rel_Latn,rel,not_in_cc_data
rgu_Latn,rgu,not_in_cc_data
rhg_Latn,rhg,not_in_cc_data
ria_Latn,ria,not_in_cc_data
rim_Latn,rim,not_in_cc_data
rjs_Deva,rjs,not_in_cc_data
rkb_Latn,rkb,not_in_cc_data
rmc_Latn,rmc,not_in_cc_data
rme_Latn,rme,not_in_cc_data
rml_Latn,rml,not_in_cc_data
rmn_Cyrl,rmn,not_in_cc_data
rmn_Grek,rmn,not_in_cc_data
rmn_Latn,rmn,not_in_cc_data
rmo_Latn,rmo,not_in_cc_data
rmq_Latn,rmq,not_in_cc_data
rmy_Cyrl,rmy,not_in_cc_data
rmy_Latn,rmy,not_in_cc_data
rnd_Latn,rnd,not_in_cc_data
rng_Latn,rng,not_in_cc_data
rnl_Latn,rnl,not_in_cc_data
roo_Latn,roo,not_in_cc_data
rop_Latn,rop,not_in_cc_data
row_Latn,row,not_in_cc_data
rro_Latn,rro,not_in_cc_data
rtm_Latn,rtm,not_in_cc_data
rub_Latn,rub,not_in_cc_data
rue_Cyrl,rue,not_in_cc_data
ruf_Latn,ruf,not_in_cc_data
rug_Latn,rug,not_in_cc_data
rup_Latn,rup,not_in_cc_data
rwo_Latn,rwo,not_in_cc_data
sab_Latn,sab,not_in_cc_data
sah_Cyrl,sah,not_in_cc_data
sas_Latn,sas,not_in_cc_data
sat_Latn,sat,not_in_cc_data
sat_Olck,sat,not_in_cc_data
sba_Latn,sba,not_in_cc_data
sbd_Latn,sbd,not_in_cc_data
sbe_Latn,sbe,not_in_cc_data
sbl_Latn,sbl,not_in_cc_data
sbs_Latn,sbs,not_in_cc_data
sby_Latn,sby,not_in_cc_data
sck_Deva,sck,not_in_cc_data
scn_Latn,scn,not_in_cc_data
sda_Latn,sda,not_in_cc_data
sdc_Latn,sdc,not_in_cc_data
sdh_Arab,sdh,not_in_cc_data
sdo_Latn,sdo,not_in_cc_data
sdq_Latn,sdq,not_in_cc_data
seh_Latn,seh,not_in_cc_data
ses_Latn,ses,not_in_cc_data
sey_Latn,sey,not_in_cc_data
sfw_Latn,sfw,not_in_cc_data
sgb_Latn,sgb,not_in_cc_data
sgc_Latn,sgc,not_in_cc_data
sgh_Cyrl,sgh,not_in_cc_data
sgs_Latn,sgs,not_in_cc_data
sgw_Ethi,sgw,not_in_cc_data
sgz_Latn,sgz,not_in_cc_data
shi_Latn,shi,not_in_cc_data
shk_Latn,shk,not_in_cc_data
shn_Mymr,shn,not_in_cc_data
shp_Latn,shp,not_in_cc_data
shu_Arab,shu,not_in_cc_data
sid_Latn,sid,not_in_cc_data
sig_Latn,sig,not_in_cc_data
sil_Latn,sil,not_in_cc_data
sim_Latn,sim,not_in_cc_data
sja_Latn,sja,not_in_cc_data
sjo_Mong,sjo,not_in_cc_data
sju_Latn,sju,not_in_cc_data
skg_Latn,skg,not_in_cc_data
skr_Arab,skr,not_in_cc_data
sld_Latn,sld,not_in_cc_data
sll_Latn,sll,not_in_cc_data
sma_Latn,sma,not_in_cc_data
sme_Latn,sme,not_in_cc_data
smj_Latn,smj,not_in_cc_data
smk_Latn,smk,not_in_cc_data
sml_Latn,sml,not_in_cc_data
smn_Latn,smn,not_in_cc_data
sms_Latn,sms,not_in_cc_data
smt_Latn,smt,not_in_cc_data
snc_Latn,snc,not_in_cc_data
snf_Latn,snf,not_in_cc_data
snn_Latn,snn,not_in_cc_data
snp_Latn,snp,not_in_cc_data
snw_Latn,snw,not_in_cc_data
sny_Latn,sny,not_in_cc_data
soe_Latn,soe,not_in_cc_data
sop_Latn,sop,not_in_cc_data
soq_Latn,soq,not_in_cc_data
soy_Latn,soy,not_in_cc_data
spl_Latn,spl,not_in_cc_data
spm_Latn,spm,not_in_cc_data
spp_Latn,spp,not_in_cc_data
sps_Latn,sps,not_in_cc_data
spy_Latn,spy,not_in_cc_data
srd_Latn,srd,not_in_cc_data
sri_Latn,sri,not_in_cc_data
srm_Latn,srm,not_in_cc_data
srn_Latn,srn,not_in_cc_data
srq_Latn,srq,not_in_cc_data
srr_Latn,srr,not_in_cc_data
ssd_Latn,ssd,not_in_cc_data
ssg_Latn,ssg,not_in_cc_data
ssx_Latn,ssx,not_in_cc_data
stn_Latn,stn,not_in_cc_data
stp_Latn,stp,not_in_cc_data
stq_Latn,stq,not_in_cc_data
sua_Latn,sua,not_in_cc_data
suc_Latn,suc,not_in_cc_data
sue_Latn,sue,not_in_cc_data
suk_Latn,suk,not_in_cc_data
sur_Latn,sur,not_in_cc_data
sus_Arab,sus,not_in_cc_data
sus_Latn,sus,not_in_cc_data
suz_Deva,suz,not_in_cc_data
swb_Latn,swb,not_in_cc_data
swc_Latn,swc,not_in_cc_data
swg_Latn,swg,not_in_cc_data
swh_Latn,swh,not_in_cc_data
swk_Latn,swk,not_in_cc_data
swp_Latn,swp,not_in_cc_data
sxb_Latn,sxb,not_in_cc_data
sxn_Latn,sxn,not_in_cc_data
syb_Latn,syb,not_in_cc_data
syc_Syrc,syc,not_in_cc_data
syl_Beng,syl,not_in_cc_data
syl_Latn,syl,not_in_cc_data
szl_Latn,szl,not_in_cc_data
szy_Latn,szy,not_in_cc_data
tab_Cyrl,tab,not_in_cc_data
tac_Latn,tac,not_in_cc_data
tah_Latn,tah,not_in_cc_data
taj_Deva,taj,not_in_cc_data
tap_Latn,tap,not_in_cc_data
taq_Latn,taq,not_in_cc_data
taq_Tfng,taq,not_in_cc_data
tar_Latn,tar,not_in_cc_data
tav_Latn,tav,not_in_cc_data
taw_Latn,taw,not_in_cc_data
tay_Latn,tay,not_in_cc_data
tbc_Latn,tbc,not_in_cc_data
tbg_Latn,tbg,not_in_cc_data
tbk_Latn,tbk,not_in_cc_data
tbl_Latn,tbl,not_in_cc_data
tbo_Latn,tbo,not_in_cc_data
tbw_Latn,tbw,not_in_cc_data
tby_Latn,tby,not_in_cc_data
tbz_Latn,tbz,not_in_cc_data
tca_Latn,tca,not_in_cc_data
tcc_Latn,tcc,not_in_cc_data
tcf_Latn,tcf,not_in_cc_data
tcs_Latn,tcs,not_in_cc_data
tcy_Knda,tcy,not_in_cc_data
tcz_Latn,tcz,not_in_cc_data
ted_Latn,ted,not_in_cc_data
tee_Latn,tee,not_in_cc_data
tem_Latn,tem,not_in_cc_data
teo_Latn,teo,not_in_cc_data
ter_Latn,ter,not_in_cc_data
tet_Latn,tet,not_in_cc_data
tew_Latn,tew,not_in_cc_data
tfr_Latn,tfr,not_in_cc_data
tgo_Latn,tgo,not_in_cc_data
tgp_Latn,tgp,not_in_cc_data
thk_Latn,thk,not_in_cc_data
thl_Deva,thl,not_in_cc_data
tif_Latn,tif,not_in_cc_data
tig_Ethi,tig,not_in_cc_data
tih_Latn,tih,not_in_cc_data
tik_Latn,tik,not_in_cc_data
tim_Latn,tim,not_in_cc_data
tiv_Latn,tiv,not_in_cc_data
tiy_Latn,tiy,not_in_cc_data
tke_Latn,tke,not_in_cc_data
tkl_Latn,tkl,not_in_cc_data
tkr_Cyrl,tkr,not_in_cc_data
tku_Latn,tku,not_in_cc_data
tlb_Latn,tlb,not_in_cc_data
tlf_Latn,tlf,not_in_cc_data
tlh_Latn,tlh,not_in_cc_data
tlj_Latn,tlj,not_in_cc_data
tll_Latn,tll,not_in_cc_data
tly_Latn,tly,not_in_cc_data
tmc_Latn,tmc,not_in_cc_data
tmd_Latn,tmd,not_in_cc_data
tna_Latn,tna,not_in_cc_data
tnc_Latn,tnc,not_in_cc_data
tnk_Latn,tnk,not_in_cc_data
tnn_Latn,tnn,not_in_cc_data
tnp_Latn,tnp,not_in_cc_data
tnr_Latn,tnr,not_in_cc_data
tob_Latn,tob,not_in_cc_data
toc_Latn,toc,not_in_cc_data
tod_Latn,tod,not_in_cc_data
tog_Latn,tog,not_in_cc_data
toh_Latn,toh,not_in_cc_data
toi_Latn,toi,not_in_cc_data
toj_Latn,toj,not_in_cc_data
tok_Latn,tok,not_in_cc_data
too_Latn,too,not_in_cc_data
top_Latn,top,not_in_cc_data
tos_Latn,tos,not_in_cc_data
tpa_Latn,tpa,not_in_cc_data
tpi_Latn,tpi,not_in_cc_data
tpm_Latn,tpm,not_in_cc_data
tpp_Latn,tpp,not_in_cc_data
tpt_Latn,tpt,not_in_cc_data
tpw_Latn,tpw,not_in_cc_data
tpz_Latn,tpz,not_in_cc_data
tqo_Latn,tqo,not_in_cc_data
trc_Latn,trc,not_in_cc_data
trn_Latn,trn,not_in_cc_data
tro_Latn,tro,not_in_cc_data
trp_Latn,trp,not_in_cc_data
trq_Latn,trq,not_in_cc_data
trs_Latn,trs,not_in_cc_data
trv_Latn,trv,not_in_cc_data
tsc_Latn,tsc,not_in_cc_data
tsg_Latn,tsg,not_in_cc_data
tsw_Latn,tsw,not_in_cc_data
tsz_Latn,tsz,not_in_cc_data
ttc_Latn,ttc,not_in_cc_data
tte_Latn,tte,not_in_cc_data
ttj_Latn,ttj,not_in_cc_data
ttq_Latn,ttq,not_in_cc_data
ttq_Tfng,ttq,not_in_cc_data
tuc_Latn,tuc,not_in_cc_data
tue_Latn,tue,not_in_cc_data
tuf_Latn,tuf,not_in_cc_data
tui_Latn,tui,not_in_cc_data
tul_Latn,tul,not_in_cc_data
tum_Latn,tum,not_in_cc_data
tuo_Latn,tuo,not_in_cc_data
tuv_Latn,tuv,not_in_cc_data
tvk_Latn,tvk,not_in_cc_data
tvl_Latn,tvl,not_in_cc_data
twi_Latn,twi,not_in_cc_data
twu_Latn,twu,not_in_cc_data
twx_Latn,twx,not_in_cc_data
txq_Latn,txq,not_in_cc_data
txu_Latn,txu,not_in_cc_data
tyv_Cyrl,tyv,not_in_cc_data
tzh_Latn,tzh,not_in_cc_data
tzj_Latn,tzj,not_in_cc_data
tzl_Latn,tzl,not_in_cc_data
tzm_Tfng,tzm,not_in_cc_data
tzo_Latn,tzo,not_in_cc_data
ubr_Latn,ubr,not_in_cc_data
ubu_Latn,ubu,not_in_cc_data
udm_Cyrl,udm,not_in_cc_data
udu_Latn,udu,not_in_cc_data
umb_Latn,umb,not_in_cc_data
upv_Latn,upv,not_in_cc_data
ura_Latn,ura,not_in_cc_data
urb_Latn,urb,not_in_cc_data
urh_Latn,urh,not_in_cc_data
uri_Latn,uri,not_in_cc_data
urk_Thai,urk,not_in_cc_data
urt_Latn,urt,not_in_cc_data
urw_Latn,urw,not_in_cc_data
ury_Latn,ury,not_in_cc_data
usa_Latn,usa,not_in_cc_data
usp_Latn,usp,not_in_cc_data
uth_Latn,uth,not_in_cc_data
uvh_Latn,uvh,not_in_cc_data
uvl_Latn,uvl,not_in_cc_data
uzn_Cyrl,uzn,not_in_cc_data
uzn_Latn,uzn,not_in_cc_data
uzs_Arab,uzs,not_in_cc_data
vag_Latn,vag,not_in_cc_data
vap_Latn,vap,not_in_cc_data
var_Latn,var,not_in_cc_data
vec_Latn,vec,not_in_cc_data
vep_Latn,vep,not_in_cc_data
vid_Latn,vid,not_in_cc_data
viv_Latn,viv,not_in_cc_data
vls_Latn,vls,not_in_cc_data
vmk_Latn,vmk,not_in_cc_data
vmw_Latn,vmw,not_in_cc_data
vmy_Latn,vmy,not_in_cc_data
vot_Latn,vot,not_in_cc_data
vro_Latn,vro,not_in_cc_data
vun_Latn,vun,not_in_cc_data
vut_Latn,vut,not_in_cc_data
waj_Latn,waj,not_in_cc_data
wal_Latn,wal,not_in_cc_data
wap_Latn,wap,not_in_cc_data
wat_Latn,wat,not_in_cc_data
way_Latn,way,not_in_cc_data
wba_Latn,wba,not_in_cc_data
wbm_Latn,wbm,not_in_cc_data
wbp_Latn,wbp,not_in_cc_data
wed_Latn,wed,not_in_cc_data
wer_Latn,wer,not_in_cc_data
wes_Latn,wes,not_in_cc_data
wew_Latn,wew,not_in_cc_data
whg_Latn,whg,not_in_cc_data
whk_Latn,whk,not_in_cc_data
wib_Latn,wib,not_in_cc_data
wim_Latn,wim,not_in_cc_data
wiu_Latn,wiu,not_in_cc_data
wln_Latn,wln,not_in_cc_data
wls_Latn,wls,not_in_cc_data
wlv_Latn,wlv,not_in_cc_data
wlx_Latn,wlx,not_in_cc_data
wmt_Latn,wmt,not_in_cc_data
wmw_Latn,wmw,not_in_cc_data
wnc_Latn,wnc,not_in_cc_data
wnu_Latn,wnu,not_in_cc_data
wob_Latn,wob,not_in_cc_data
wos_Latn,wos,not_in_cc_data
wrk_Latn,wrk,not_in_cc_data
wrs_Latn,wrs,not_in_cc_data
wsg_Telu,wsg,not_in_cc_data
wsk_Latn,wsk,not_in_cc_data
wuu_Hani,wuu,not_in_cc_data
wuv_Latn,wuv,not_in_cc_data
wwa_Latn,wwa,not_in_cc_data
xal_Cyrl,xal,not_in_cc_data
xav_Latn,xav,not_in_cc_data
xbi_Latn,xbi,not_in_cc_data
xbr_Latn,xbr,not_in_cc_data
xed_Latn,xed,not_in_cc_data
xla_Latn,xla,not_in_cc_data
xmf_Geor,xmf,not_in_cc_data
xmm_Latn,xmm,not_in_cc_data
xmv_Latn,xmv,not_in_cc_data
xnn_Latn,xnn,not_in_cc_data
xog_Latn,xog,not_in_cc_data
xon_Latn,xon,not_in_cc_data
xrb_Latn,xrb,not_in_cc_data
xsb_Latn,xsb,not_in_cc_data
xsi_Latn,xsi,not_in_cc_data
xsm_Latn,xsm,not_in_cc_data
xsr_Deva,xsr,not_in_cc_data
xsu_Latn,xsu,not_in_cc_data
xtd_Latn,xtd,not_in_cc_data
xtm_Latn,xtm,not_in_cc_data
xtn_Latn,xtn,not_in_cc_data
xuo_Latn,xuo,not_in_cc_data
yaa_Latn,yaa,not_in_cc_data
yad_Latn,yad,not_in_cc_data
yal_Latn,yal,not_in_cc_data
yam_Latn,yam,not_in_cc_data
yan_Latn,yan,not_in_cc_data
yao_Latn,yao,not_in_cc_data
yap_Latn,yap,not_in_cc_data
yaq_Latn,yaq,not_in_cc_data
yat_Latn,yat,not_in_cc_data
yaz_Latn,yaz,not_in_cc_data
ybb_Latn,ybb,not_in_cc_data
yby_Latn,yby,not_in_cc_data
ycn_Latn,ycn,not_in_cc_data
ydd_Hebr,ydd,not_in_cc_data
yim_Latn,yim,not_in_cc_data
yka_Latn,yka,not_in_cc_data
yle_Latn,yle,not_in_cc_data
yli_Latn,yli,not_in_cc_data
yml_Latn,yml,not_in_cc_data
yom_Latn,yom,not_in_cc_data
yon_Latn,yon,not_in_cc_data
yrb_Latn,yrb,not_in_cc_data
yre_Latn,yre,not_in_cc_data
yrk_Cyrl,yrk,not_in_cc_data
yrl_Latn,yrl,not_in_cc_data
yss_Latn,yss,not_in_cc_data
yua_Latn,yua,not_in_cc_data
yue_Hani,yue,not_in_cc_data
yuj_Latn,yuj,not_in_cc_data
yup_Latn,yup,not_in_cc_data
yut_Latn,yut,not_in_cc_data
yuw_Latn,yuw,not_in_cc_data
yuz_Latn,yuz,not_in_cc_data
yva_Latn,yva,not_in_cc_data
zaa_Latn,zaa,not_in_cc_data
zab_Latn,zab,not_in_cc_data
zac_Latn,zac,not_in_cc_data
zad_Latn,zad,not_in_cc_data
zae_Latn,zae,not_in_cc_data
zai_Latn,zai,not_in_cc_data
zam_Latn,zam,not_in_cc_data
zao_Latn,zao,not_in_cc_data
zar_Latn,zar,not_in_cc_data
zas_Latn,zas,not_in_cc_data
zat_Latn,zat,not_in_cc_data
zav_Latn,zav,not_in_cc_data
zaw_Latn,zaw,not_in_cc_data
zca_Latn,zca,not_in_cc_data
zdj_Latn,zdj,not_in_cc_data
zea_Latn,zea,not_in_cc_data
zgh_Tfng,zgh,not_in_cc_data
zia_Latn,zia,not_in_cc_data
ziw_Latn,ziw,not_in_cc_data
zne_Latn,zne,not_in_cc_data
zom_Latn,zom,not_in_cc_data
zos_Latn,zos,not_in_cc_data
zpa_Latn,zpa,not_in_cc_data
zpc_Latn,zpc,not_in_cc_data
zpg_Latn,zpg,not_in_cc_data
zpi_Latn,zpi,not_in_cc_data
zpj_Latn,zpj,not_in_cc_data
zpl_Latn,zpl,not_in_cc_data
zpm_Latn,zpm,not_in_cc_data
zpo_Latn,zpo,not_in_cc_data
zpq_Latn,zpq,not_in_cc_data
zpt_Latn,zpt,not_in_cc_data
zpu_Latn,zpu,not_in_cc_data
zpv_Latn,zpv,not_in_cc_data
zpz_Latn,zpz,not_in_cc_data
zsm_Arab,zsm,not_in_cc_data
zsm_Latn,zsm,not_in_cc_data
zsr_Latn,zsr,not_in_cc_data
ztq_Latn,ztq,not_in_cc_data
zty_Latn,zty,not_in_cc_data
zyb_Latn,zyb,not_in_cc_data
zyp_Latn,zyp,not_in_cc_data
und_Kana,und,not_in_cc_data
und_Sgnw,und,not_in_cc_data
und_Hira,und,not_in_cc_data
und_Hluw,und,not_in_cc_data
und_Bamu,und,not_in_cc_data
und_Laoo,und,not_in_cc_data
und_Thai,und,not_in_cc_data
und_Beng,und,not_in_cc_data
und_Newa,und,not_in_cc_data
und_Khmr,und,not_in_cc_data
und_Cyrl,und,not_in_cc_data
und_Knda,und,not_in_cc_data
und_Taml,und,not_in_cc_data
und_Mlym,und,not_in_cc_data
und_Xsux,und,not_in_cc_data
und_Hebr,und,not_in_cc_data
und_Hung,und,not_in_cc_data
und_Lina,und,not_in_cc_data
und_Orya,und,not_in_cc_data
und_Mong,und,not_in_cc_data
und_Mymr,und,not_in_cc_data
und_Brai,und,not_in_cc_data
und_Ethi,und,not_in_cc_data
und_Cher,und,not_in_cc_data
und_Shaw,und,not_in_cc_data
und_Tibt,und,not_in_cc_data
und_Yiii,und,not_in_cc_data
und_Vaii,und,not_in_cc_data
und_Thaa,und,not_in_cc_data
und_Telu,und,not_in_cc_data
und_Bopo,und,not_in_cc_data
und_Tang,und,not_in_cc_data
und_Sylo,und,not_in_cc_data
und_Syrc,und,not_in_cc_data
und_Bali,und,not_in_cc_data
und_Lana,und,not_in_cc_data
und_Egyp,und,not_in_cc_data
und_Grek,und,not_in_cc_data
und_Deva,und,not_in_cc_data
und_Goth,und,not_in_cc_data
und_Armn,und,not_in_cc_data
und_Geor,und,not_in_cc_data
und_Cans,und,not_in_cc_data
chr_Cher,chr,fw2_api_unavailable
chr_Latn,chr,fw2_api_unavailable
got_Goth,got,fw2_api_unavailable
kas_Deva,kas,fw2_api_unavailable
kas_Latn,kas,fw2_api_unavailable
lif_Limb,lif,fw2_api_unavailable
spa_Latn,spa,fw2_api_unavailable
tur_Latn,tur,fw2_api_unavailable
uig_Cyrl,uig,fw2_api_unavailable
