language,glottocode,iso_639_3,dictionaries,total_entries,total_words,entries_with_audio,audio_hours,video_hours
Johari / Shauki,rang1266,rgk,2,35610,75797,20,0.01,0.00
Southern Sámi,sout2674,sma,1,14880,15926,0,0.00,0.00
Gutob,bodo1267,gbj,1,13338,30556,13114,6.22,0.00
Torwali English Urdu Dictionary,torw1241,trw,1,9908,16567,6,0.01,0.00
Hazaragi Language,haza1239,haz,1,8763,19940,596,0.39,0.00
Kumyk,kumy1244,kum,1,7992,10534,0,0.00,0.00
Karaim,kara1464,kdr,1,7987,9193,0,0.00,0.00
'Iipay Aa,ipai1240,dih,1,7370,9362,4641,2.49,0.00
Kihunde,hund1239,hke,1,6652,14458,503,0.28,0.10
Nukuoro,nuku1260,nkr,1,6613,10892,1025,0.46,0.00
GtaɁ,gata1239,gaq,1,6378,15691,6275,2.78,0.00
Tsotsil,tzot1259,tzo,1,6290,25070,22,0.02,0.00
Remo,bond1245,bfw,1,5138,10584,2286,1.23,0.00
Popoloca,popo1294,pls,1,4526,16794,0,0.00,0.00
Apatani,apat1240,apa,1,4157,5647,4103,0.96,0.00
Matukar,matu1261,mjk,1,4150,11450,3033,1.46,0.00
Nasa yuwe (Páez),paez1247,pbb,1,3934,6896,1002,1.07,0.00
Werikyana Tiriyó Prtgês Inglês,kaxu1237,kbb,1,3766,25305,3628,2.09,0.03
Boie'nen (Old Buhi Language),buhi1243,639-3,1,3256,5176,58,0.04,0.00
Sengwer,seng1286,,1,3105,3287,2618,3.12,0.00
Wancho,wanc1238,nnp,1,3088,13021,10,0.01,0.01
Ho,hoo1248,hoc,1,3029,4660,3008,0.83,0.00
Birhor,birh1242,biy,1,2746,4380,2137,0.55,0.00
Manchu,manc1252,mnc,1,2660,3034,2650,4.08,0.00
Kapingamarangi,kapi1249,kpg,1,2476,3398,802,0.33,0.00
Kihehe,Hehe1240,heh,1,2404,3559,2279,1.33,0.05
Babanki (Kejom),baba1266,bbk,1,2250,3137,1712,2.18,0.00
Owé (a dialect of Yoruba),owee1241,yor,1,2189,10995,6,0.01,0.00
San Sebastián del Monte Mixtec (Tò’on Ndà’vi) / Tu'un Javi (Ixpantepec Nieves Mixtec),sila1250,mks,2,1965,2460,627,1.15,0.00
Chothe,chot1239,nct,1,1887,2195,0,0.00,0.00
Poqomchi' Tusq’orik,poqo1254,poh,1,1845,2450,1845,0.93,0.00
Bum,bumm1238,bmv,1,1819,1968,1,0.00,0.00
Taivoan,taiv1237,tvx,1,1733,2154,0,0.00,0.00
Olùkùmi,uluk1257,ulb,1,1682,1907,34,0.01,0.00
Tutelo-Saponi Monacan,tute1247,tta,1,1682,1981,1501,1.18,0.00
Garifuna,gari1256,cab,1,1594,8903,1,0.01,0.00
Nawatl,azte1234,nhe,1,1490,8649,0,0.00,0.00
Sora,sora1254,srb,1,1417,1999,1292,0.49,0.02
Ɨshɨr (Chamacoco),cham1315,ceg,1,1364,2017,1207,0.44,0.00
Kalanga,kala1405,kck,1,1358,1771,78,0.04,0.00
Htanaw,dana1252,dnu,1,1353,1464,16,0.02,0.00
Jejueo,jeju1234,jje,1,1323,1590,13,0.01,0.00
Finnish (suomen kieli),nucl1717,fin,1,1306,1786,0,0.00,0.00
Andi (Muni),muni1255,ani,1,1299,1597,0,0.00,0.00
Andi,andi1255,ani,1,1289,1675,0,0.00,0.00
Namtrik de Totoró,toto1306,ttk,1,1285,12494,1282,2.09,0.00
Aghul (Koshan dialect),kosh1245,agx,1,1282,1703,0,0.00,0.00
Aghul,aghu1260,agx,1,1276,1661,0,0.00,0.00
Хызыл,khak1248,kjh,1,1181,1299,1062,0.30,0.00
Awajún,agua1253,agr,1,1160,1574,0,0.00,0.00
Chikunda,kund1255,kdn,1,1150,1324,34,0.01,0.42
Mahasuvi,maha1287,bfz,1,1149,3274,833,0.34,0.00
Ende,ende1235,kit,1,1129,1357,0,0.00,0.00
Monkox Besɨro (Chiquitano),chiq1248,cax,1,1093,1095,88,0.06,0.00
Upper Tanana (Nee’aanèegn’),uppe1437,tau,1,1092,3098,1092,0.68,0.00
Mokilese,maki1238,mkj,1,1070,1531,722,0.27,0.00
Northern Michif,mich1243,crg,1,1019,1743,1008,0.97,0.00
Aché,ache1246,guq,1,969,1259,0,0.00,0.00
Pingelapese,ping1243,pif,1,952,1158,246,0.07,0.00
Haryanvi,hary1238,bgc,1,941,1416,59,0.03,0.00
Angika,angi1238,anp,1,926,4431,13,0.01,0.00
Tacana,taca1256,tna,1,903,1361,0,0.00,0.00
Subi,subi1247,xsj,1,902,1007,785,0.30,0.00
Iñupiaq,inup1234,ipk,1,900,1500,900,0.53,0.00
Cinyungwe,nyun1248,nyu,1,862,1003,32,0.01,0.00
Temboka (a dialect of Melpa),melp1238,med,1,855,1752,789,0.59,0.00
Djudeo-espanyol,ladi1251,lad,1,843,5750,0,0.00,0.00
Ndau,ndau1241,ndc,1,840,906,101,0.04,0.00
Araona,arao1248,aro,1,802,1166,0,0.00,0.00
Yokoim,tabr1243,tzx,1,768,1202,767,0.33,0.00
A fala,fala1241,fax,1,763,989,763,0.37,0.00
Judeo-Kashani,soii1239,soj,1,757,987,462,0.15,0.00
Mam,mamm1241,mam,1,747,961,677,0.27,0.00
Shona,shon1251,sna,1,704,838,211,0.14,0.00
dAXunhyuuga',eyak1241,eya,1,671,1116,182,0.12,0.00
Nambya,namb1291,nmq,1,652,948,42,0.08,0.00
Chalchiteko / Houma (Uma'),n/a,,2,647,821,647,0.35,0.00
Kibembe,bemb1255,bmb,1,647,986,631,0.97,0.00
Segagešo Living Dictionary,sepe1241,nso,1,638,815,78,0.10,0.00
Mortlockese (Chuukese) / Namolukese (a dialect of Mortlockese),mort1237,"chk, mrt / mrl",2,635,914,194,0.13,0.00
Iquito,iqui1243,iqu,1,632,1045,585,0.30,0.00
Gwich'in (Dinjii Zhuh K'yaa),gwic1235,gwi,1,612,2103,612,0.32,0.00
Panim,pani1258,pnr,1,600,950,595,0.20,0.00
Opata,opat1247,opt,1,594,634,9,0.00,0.00
Jewish Neo-Aramaic,"barz1241, lish1246","bjf, trg",1,587,3327,557,0.68,0.00
Da'an Davi,sout3001,mit,1,581,5209,507,0.75,0.00
Kholosi,khol1241,,1,564,656,436,0.16,0.00
Pohnpeian,pohn1238,pon,1,552,720,108,0.05,0.00
Kosraean,kos1238,kos,1,543,662,54,0.02,0.00
Badaga,bada1257,bfq,1,532,685,528,0.19,0.00
Lung'Ie,prin1242,pre,1,498,498,475,0.14,0.00
Sakapulteko,saca1238,quv,1,486,642,484,0.37,0.00
Achi,achi1256,acr,1,485,655,485,0.50,0.00
Kaqchikel,kaqc1270,cak,1,481,649,478,0.38,0.00
Txolilal Q’anej Yul Koq’anjob’al (Qʼanjobʼal),qanj1241,kjb,1,481,704,478,0.29,0.00
Tzʼutujil,tzut1248,tzj,1,481,693,301,0.19,0.00
Pochuteco,poch1244,xpo,1,471,1151,97,0.05,0.00
Tektiteko,tekt1235,ttc,1,471,706,98,0.04,0.00
Santali,sant410,sat,1,463,606,461,0.13,0.00
Ixil,ixil1251,ixl,1,460,1002,345,0.24,0.00
Louisiana Creole (Kouri-Vini),loui1240,lou,1,460,804,0,0.00,0.00
Ndebele,nort2795,nde,1,456,483,18,0.01,0.00
Kalinago,isla1278,crb,1,453,591,0,0.00,0.00
Kharia,khar1287,khr,1,452,617,438,0.15,0.00
KeraɁ Mundari,kera1257,unr,1,446,516,445,0.14,0.00
Memoni,memo1238,mby,1,444,481,0,0.00,0.00
Ese Ejja,esee1248,ese,1,425,442,87,0.02,0.00
Yapese,yape1248,yap,1,424,589,87,0.03,0.00
Ku'ahl,Cochimi-yuman,ppi,1,410,594,0,0.00,0.00
Tehriyali,tehr1243,,1,401,497,242,0.14,0.00
Belarusian-Russian,bela1254,bel,1,390,475,0,0.00,0.00
Malapulaya,mala1462,,1,390,3973,389,0.08,0.00
Tai-Eng-Thai-Viet,tayy1238,tyz,1,383,478,80,0.09,0.00
Atakapa Ishākkoy,atak1252,aqp,1,379,570,0,0.00,0.00
Ch'orti',chor1273,caa,1,379,534,379,0.26,0.00
Bahasa Lani,west2594,dnw,1,369,525,300,0.37,0.00
Oro,oroo1241,orx,1,367,511,357,0.17,0.00
Tiv,tivv1240,tiv,1,363,650,355,0.27,0.00
Q'eqchi',kekc1242,kek,1,346,491,346,0.25,0.00
Arvanitika,arva1236,aat,1,323,407,271,0.17,0.00
Brezhoneg,bret1244,bre,1,311,1511,239,0.18,0.00
Kidaw'ida,tait1250,dav,1,308,1530,14,0.01,0.00
Poqomam,poqo1253,poc,1,303,427,280,0.19,0.00
K'iche',kich1262,quc,1,299,507,299,0.22,0.00
Zande,zand1248,zne,1,299,428,0,0.00,0.00
Mọ̀bà,bunu1266,yor,1,298,345,272,0.12,0.00
Itza,itza1241,itz,1,297,333,297,0.30,0.00
Akateko,west2635,knj,1,291,694,289,0.16,0.00
Chuj,chuj1250,cac,1,288,342,287,0.21,0.00
Mišär tatar,west2405,,1,281,284,31,0.02,0.00
Uspanteko,uspa1245,usp,1,264,336,264,0.11,0.00
Yanesha',yane1238,ame,1,255,275,219,0.08,0.00
Tér Saami,ters1235,sjt,1,252,262,0,0.00,0.00
Guaycura,guai1237,,1,244,432,244,0.10,0.00
Gàedhlig Uisge Dhearg,hibe1235,ghc,1,243,587,67,0.16,0.00
Mazahua,maza1293,maz,1,241,271,69,0.03,0.00
San Francisco Yateé Zapotec,yate1242,zty,1,241,339,240,0.07,0.00
Bugun,bugu1246,bgg,1,229,277,227,0.06,0.00
Diccionario de lengua Tehuelche (aonekko 'a'ien),tehu1242,teh,1,227,381,226,0.06,0.00
Naxi,naxi1245,nxq,1,225,227,216,0.06,0.00
Mopan,mopa1243,mop,1,224,259,224,0.21,0.00
Háusi kúta (Yahgan language),yama1264,yag,1,221,221,221,0.10,0.00
Damana,mala1522,mbp,1,209,236,0,0.00,0.00
Atlas Vivo de Mayunmarka (Quechua Ayacucho) / Quechua chanka,ayac1238,quy,2,208,238,189,0.06,0.00
Tjwao,tsoa1238,hio,1,195,213,67,0.03,0.00
Ngemba,ngem1255,nge,1,193,399,159,0.30,0.00
Sirionó,siri1279,srq,1,185,690,0,0.00,0.00
Wakhi,wakh1245,wbl,1,183,252,27,0.03,0.00
Badhani,badh1238,,1,162,205,0,0.00,0.00
Pipil (nahuat),pipi1250,ppl,1,162,187,161,0.06,0.00
Guaraní,guar1292,grn,1,150,152,0,0.00,0.00
Aewa,abis1238,ash,1,149,159,149,0.05,0.00
Kipsigis,kips1239,sgc,1,149,212,135,0.04,0.00
Middle Assamese,assa1263,asm,1,143,1294,0,0.00,0.00
Belanda Viri,bela1255,bvi,1,133,206,0,0.00,0.00
Judeo-Iraqi Arabic,jude1266,yhd,1,129,240,2,0.00,0.00
"Zapoteco de la sierra norte, San Juan Bautista Atepec, Oaxaca",zapo1437,zap,1,123,150,69,0.04,0.00
South African Gujarati,guja1252,guj,1,122,304,0,0.00,0.00
Weri,weri1253,wer,1,114,173,111,0.05,0.00
Kumaiya,majh1251,gbm,1,113,252,0,0.00,0.00
Woleaian,wole1240,woe,1,112,194,94,0.02,0.00
Ngäbere (Guaymí),ngab1239,gym,1,106,106,100,0.08,0.00
AraYeke Taino,tain1254,tnq,1,102,114,98,0.08,0.00
Kuman,kuma1280,kue,1,101,127,100,0.03,0.00
Khoikhoi,nort3245 and others,naq,1,100,121,95,0.15,0.00
Wahgi (Waghi),nucl1620,wgi,1,100,116,100,0.03,0.00
Aren (Aiome),aiom1240,aki,1,99,126,97,0.03,0.00
Idio Titan,tita1241,ttv,1,99,116,97,0.04,0.00
Naasioi,naas1242,nas,1,96,102,95,0.03,0.00
Muyuw (Woodlark),muyu1244,myw,1,95,101,93,0.04,0.00
Tsesungun,huil1254,huh,1,92,93,92,0.03,0.00
Nalik,nali1244,nal,1,88,99,86,0.02,0.00
Pericú,peri1250,,1,84,84,0,0.00,0.00
Gaedhealg Thír Eoghain,iris1253,gle,1,83,270,81,0.30,0.00
Afrikaans,afri1274,afr,1,80,234,0,0.00,0.00
Lugbara,lugb1240,lgg,1,74,136,0,0.00,0.00
Hátxa Kuin,braz1248,cbs,1,71,95,0,0.00,0.00
Mingang Doso,ming1254,mko,1,70,93,0,0.00,0.00
Korku,kork1243,kfq,1,69,69,69,0.02,0.00
Quechua del sur de Bolivia,sout2991,quh,1,69,355,69,0.04,0.00
Dompo,domp1238,doy,1,67,91,67,0.04,0.00
Dza,dzaa1238,jen,1,67,74,0,0.00,0.00
Gangadi,gang1264,gbm,1,64,90,0,0.00,0.00
Kiribati,gilb1244,gil,1,64,193,0,0.00,0.00
Movima,movi1243,mzp,1,61,184,15,0.00,0.00
Jaunpuri,jaun1244,gbm,1,57,61,0,0.00,0.00
Tuscarora,tusc1257,tus,1,56,60,56,0.02,0.00
Rendille,rend1243,rel,1,53,57,0,0.00,0.00
Tepehua de Huehuetla,hueh1236,tee,1,52,75,52,0.03,0.00
Emberá-Chamí [cmi],embe1262,cmi,1,51,75,0,0.00,0.00
Miahuatec Zapotec (San Bartolomé Loxicha),loxi1235,ztp,1,50,81,47,0.01,0.00
Balti,balt1258,bft,1,46,67,3,0.00,0.00
Hindi,hind1269,hin,1,41,42,0,0.00,0.00
Eskaya,eska1234,esy,1,40,41,0,0.00,0.00
Muthuvan,muth1236,muv,1,40,44,40,0.01,0.00
Alu Kurumba,aluk1238,xua,1,35,38,35,0.02,0.00
Chittagonian,chit1275,ctg,1,32,33,0,0.00,0.00
Negerhollands,nege1244,dcr,1,32,32,0,0.00,0.00
Jaunsari,jaun1243,jns,1,31,33,0,0.00,0.00
Wehea,moda1244,mxd,1,27,44,0,0.00,0.00
Bezhta,bezh1248,kap,1,25,25,7,0.01,0.00
Sáliba,sali1298,slc,1,24,31,7,0.00,0.00
Bogotá Muisca (Măsc cuwun),chib1270,chb,1,23,45,0,0.00,0.00
Mapudungun,mapu1245,arn,1,20,20,20,0.01,0.00
Bhojpuri,bhoj1246,bho,1,19,23,0,0.00,0.00
Mehri,mehr1241,gdq,1,18,57,2,0.00,0.00
Äynu,ainu1251,aib,1,14,25,0,0.00,0.00
Taiwanese Hokkien,taib1242,nan,1,13,13,0,0.00,0.00
Igbo,nucl1417,ibo,1,12,26,6,0.00,0.00
Soryali,kuma1273,kfy,1,12,12,0,0.00,0.00
Zapoteco serrano,zap1437,zap,1,12,12,12,0.01,0.00
Ainu,ainu1240,ain,1,11,15,0,0.00,0.00
Uitoto,nucl1659,hto,1,10,10,10,0.00,0.00
Laz,lazz1240,lzz,1,7,28,2,0.00,0.00
Baleswari Odia,nort2660,ory,1,5,17,3,0.00,0.00
Ngaju,ngaj1237,nij,1,5,18,0,0.00,0.00
(unlisted tier — additional dictionaries not itemized at the communities' choice),,,397,232877,,,28.45,0.07
